,b1,b2,b3,b4,b5,b6,b7,b8,b9,b10,b11,b12,b14,b15,name,time
0,4,0,1,0,1,0,2,0,2,0,7,0,904314701,15000,"103,119-2008-08-27_14.31.41.rdf",2008-07-27_14.31.41
1,4,0,1,0,1,0,2,0,2,0,7,0,904315695,15000,"103,119-2008-08-27_14.48.15.rdf",2008-07-27_14.48.15
2,4,0,1,0,1,0,2,0,2,0,7,0,904316302,15000,"103,119-2008-08-27_14.58.22.rdf",2008-07-27_14.58.22
3,4,0,1,0,1,0,2,0,2,0,7,0,904317017,15000,"103,119-2008-08-27_15.10.17 норма.rdf",2008-07-27_15.10.17
4,4,0,1,0,1,0,2,0,2,0,7,0,904317017,15000,"103,119-2008-08-27_15.10.17.rdf",2008-07-27_15.10.17
5,4,0,1,0,1,0,2,0,2,0,7,0,904317109,15000,"103,119-2008-08-27_15.11.49.rdf",2008-07-27_15.11.49
6,4,0,1,0,1,0,2,0,2,0,7,0,904323543,15000,"103,119-2008-08-27_16.59.03 норма.rdf",2008-07-27_16.59.03
7,4,0,1,0,1,0,2,0,2,0,7,0,904323543,15000,"103,119-2008-08-27_16.59.03.rdf",2008-07-27_16.59.03
8,4,0,1,0,1,0,2,0,2,0,7,0,904386843,15000,"103,119-2008-08-28_10.34.03 норма.rdf",2008-07-28_10.34.03
9,4,0,1,0,1,0,2,0,2,0,7,0,904386843,15000,"103,119-2008-08-28_10.34.03.rdf",2008-07-28_10.34.03
10,4,0,1,0,1,0,2,0,2,0,7,0,904386868,15000,"103,119-2008-08-28_10.34.28.rdf",2008-07-28_10.34.28
11,4,0,1,0,1,0,2,0,0,0,7,0,935654738,15000,"103,119-2009-08-25_08.05.38 КЗ.rdf",2009-07-25_08.05.38
12,4,0,1,0,1,0,2,0,0,0,7,0,935748507,15000,"103,119-2009-08-26_10.08.27 Отказ вклКТ.rdf",2009-07-26_10.08.27
13,4,0,1,0,1,0,2,0,0,0,7,0,935784295,15000,"103,119-2009-08-26_20.04.55.rdf",2009-07-26_20.04.55
14,4,0,1,0,1,0,2,0,0,0,7,0,936983434,15000,"103,119-2009-09-09_17.10.34 КЗ.rdf",2009-08-09_17.10.34
15,4,0,1,0,1,0,2,0,0,0,7,0,936983447,15000,"103,119-2009-09-09_17.10.47.rdf",2009-08-09_17.10.47
16,4,0,1,0,1,0,2,0,0,0,7,0,939940039,15000,"103,119-2009-10-13_22.27.19.rdf",2009-09-12_22.27.19
17,4,0,1,0,1,0,2,0,0,0,7,0,943606990,15000,"103,119-2009-11-25_09.03.10.rdf",2009-10-25_09.03.10
18,4,0,1,0,1,0,2,0,0,0,7,0,943607139,15000,"103,119-2009-11-25_09.05.39.rdf",2009-10-25_09.05.39
19,4,0,1,0,1,0,2,0,0,0,7,0,943612667,15000,"103,119-2009-11-25_10.37.47.rdf",2009-10-25_10.37.47
20,4,0,1,0,1,0,2,0,0,0,7,0,943615292,15000,"103,119-2009-11-25_11.21.32.rdf",2009-10-25_11.21.32
21,4,0,1,0,1,0,2,0,0,0,7,0,943637006,15000,"103,119-2009-11-25_17.23.26.rdf",2009-10-25_17.23.26
22,4,0,1,0,1,0,2,0,0,0,7,0,943637155,15000,"103,119-2009-11-25_17.25.55.rdf",2009-10-25_17.25.55
23,4,0,1,0,1,0,2,0,0,0,7,0,943638850,15000,"103,119-2009-11-25_17.54.10.rdf",2009-10-25_17.54.10
24,4,0,1,0,1,0,2,0,0,0,7,0,862569194,15000,104-2007-05-02_10.33.14.rdf,2007-04-01_10.33.14
25,4,0,1,0,1,0,2,0,0,0,7,0,863690368,15000,105-2007-05-15_09.59.28.rdf,2007-04-14_09.59.28
26,4,0,1,0,1,0,2,0,0,0,7,0,933498979,15000,105-2009-07-31_09.16.19.rdf,2009-06-30_09.16.19
27,4,0,1,0,1,0,2,0,0,0,7,0,936526710,15000,105-2009-09-04_10.18.30.rdf,2009-08-04_10.18.30
28,4,0,1,0,1,0,2,0,0,0,7,0,941920818,15000,108-2009-11-05_20.40.18.rdf,2009-10-05_20.40.18
29,4,0,1,0,1,0,2,0,0,0,7,0,941920968,15000,108-2009-11-05_20.42.48.rdf,2009-10-05_20.42.48
30,4,0,1,0,1,0,2,0,0,0,7,0,942236948,15000,108-2009-11-09_12.29.08.rdf,2009-10-09_12.29.08
31,4,0,1,0,1,0,2,0,0,0,7,0,942237708,15000,108-2009-11-09_12.41.48.rdf,2009-10-09_12.41.48
32,4,0,1,0,1,0,2,0,0,0,7,0,1188567842,15000,108-2017-08-30_13.44.02.rdf,2017-07-30_13.44.02
33,4,0,1,0,1,0,2,0,0,0,7,0,1206178984,15000,108-2018-03-22_09.43.04.rdf,2018-02-19_09.43.04
34,4,0,1,0,1,0,2,0,0,0,7,0,1206179082,15000,108-2018-03-22_09.44.42.rdf,2018-02-19_09.44.42
35,15339,15000,897,899,889,893,1006,1005,126,83,12279,20859,59179903,886,11-09_Ноябрь_2011г_14.19.37.rdf,1981-10-15_22.51.43
36,15339,15000,909,893,904,883,1005,1005,380,332,12279,20859,58721161,897,11-09_Ноябрь_2011г_14.25.48.rdf,1981-10-10_15.26.01
37,4,0,1,0,2,0,2,0,2,0,6,0,993457243,15000,11-2011-06-25_08.20.43.rdf,2011-05-25_08.20.43
38,4,0,1,0,2,0,2,0,2,0,6,0,995602114,15000,11-2011-07-20_04.08.34.rdf,2011-06-19_04.08.34
39,4,0,1,0,2,0,2,0,2,0,6,0,995967465,15000,11-2011-07-24_09.37.45.rdf,2011-06-23_09.37.45
40,4,0,1,0,2,0,2,0,2,0,6,0,1025880199,15000,11-2012-07-04_14.43.19.rdf,2012-06-03_14.43.19
41,4,0,1,0,2,0,2,0,2,0,6,0,1032848130,15000,11-2012-09-23_06.15.30.rdf,2012-08-23_06.15.30
42,4,0,1,0,2,0,2,0,2,0,6,0,1035614775,15000,11-2012-10-25_06.46.15.rdf,2012-09-24_06.46.15
43,4608,-27703,6446,-27418,16317,32322,-361,7437,-17768,31100,-27713,255,4160815014,-4929,110-2010-01-16_11.42.23.rdf,2111-10-07_13.56.54
44,-26777,15374,-3502,-11825,14105,16334,32759,-49,-8448,-8583,-15937,255,1291371268,-11442,110-2010-01-16_11.44.08.rdf,2020-11-01_10.14.28
45,-24161,-1061,-15292,24119,-8757,-9754,-12291,-19,-7424,9054,255,10135,4043154401,255,110-2010-01-16_12.53.35.rdf,2108-01-14_18.26.41
46,26093,-21139,3248,-1129,-12264,16253,29390,-20705,21911,-22290,24419,16757,2653008836,-23405,110-2010-01-16_13.07.48.rdf,2063-12-26_02.53.56
47,16094,-25076,20382,13903,-1217,-24644,20985,-8196,-28944,23958,22375,1167,1891328356,-28877,110-2010-01-16_13.24.21.rdf,2039-11-06_08.59.16
48,4,0,1,0,1,0,2,0,2,0,7,0,978013989,15000,110-2010-12-28_14.33.09 ВВ1.rdf,2010-11-27_14.33.09
49,4,0,1,0,1,0,2,0,2,0,7,0,978015683,15000,110-2010-12-28_15.01.23ВВ2.rdf,2010-11-27_15.01.23
50,4,0,1,0,1,0,5,0,0,0,7,0,1001260029,15000,110-2011-09-23_15.47.09.rdf,2011-08-23_15.47.09
51,4,0,1,0,1,0,5,0,0,0,7,0,1001513329,15000,110-2011-09-26_14.08.49.rdf,2011-08-26_14.08.49
52,4,0,1,0,1,0,5,0,0,0,7,0,1001514546,15000,110-2011-09-26_14.29.06.rdf,2011-08-26_14.29.06
53,4,0,1,0,1,0,5,0,0,0,7,0,1082520662,15000,110-2014-04-21_ЦСиб_Отказ.rdf,2014-03-21_04.11.02
54,4,0,1,0,1,0,5,0,0,0,7,0,1125129963,15000,110-2015-08-27_08.06.03.rdf,2015-07-27_08.06.03
55,4,0,1,0,1,0,5,0,0,0,7,0,1125131744,15000,110-2015-08-27_08.35.44.rdf,2015-07-27_08.35.44
56,4,0,1,0,1,0,5,0,0,0,7,0,1128789841,15000,110-2015-10-08_16.44.01.rdf,2015-09-07_16.44.01
57,4,0,1,0,1,0,5,0,0,0,7,0,1238686845,15000,110-2019-04-02_15.40.45.rdf,2019-03-02_15.40.45
58,4,0,1,0,1,0,5,0,0,0,7,0,1253805684,15000,110-2019-09-24_15.21.24.rdf,2019-08-24_15.21.24
59,4,0,1,0,1,0,5,0,0,0,7,0,1253806589,15000,110-2019-09-24_15.36.29.rdf,2019-08-24_15.36.29
60,4,0,1,0,1,0,5,0,0,0,7,0,1077780840,15000,110-Александровская_2014-02-25_07.34.00.rdf,2014-01-25_07.34.00
61,4,0,1,0,1,0,5,0,0,0,7,0,1077782554,15000,110-Александровская_2014-02-25_08.02.34.rdf,2014-01-25_08.02.34
62,4,0,1,0,1,0,5,0,0,0,7,0,1082520662,15000,110-Александровская_2014-04-21_04.11.02.rdf,2014-03-21_04.11.02
63,4,0,0,0,1,0,2,0,2,0,7,0,880307788,15000,111-2007-11-23_17.56.28.rdf,2007-10-23_17.56.28
64,4,0,0,0,1,0,2,0,2,0,7,0,880313560,15000,111-2007-11-23_19.32.40.rdf,2007-10-23_19.32.40
65,4,0,0,0,1,0,2,0,2,0,7,0,880379092,15000,111-2007-11-24_13.44.52.rdf,2007-10-24_13.44.52
66,4,0,0,0,1,0,2,0,2,0,7,0,880383842,15000,111-2007-11-24_15.04.02.rdf,2007-10-24_15.04.02
67,4,0,1,0,1,0,2,0,0,0,7,0,1056124202,15000,111-2013-06-19_15.50.02.rdf,2013-05-19_15.50.02
68,4,0,1,0,1,0,2,0,0,0,7,0,1057920698,15000,111-2013-07-10_10.51.38.rdf,2013-06-09_10.51.38
69,4,0,1,0,1,0,5,0,0,0,7,0,1060011519,15000,111-2013-08-03_15.38.39.rdf,2013-07-03_15.38.39
70,4,0,1,0,1,0,2,0,0,0,7,0,1060011753,15000,111-2013-08-03_15.42.33.rdf,2013-07-03_15.42.33
71,4,0,1,0,1,0,5,0,0,0,7,0,1061560225,15000,111-2013-08-21_13.50.25.rdf,2013-07-21_13.50.25
72,4,0,1,0,1,0,5,0,0,0,7,0,1061560281,15000,111-2013-08-21_13.51.21.rdf,2013-07-21_13.51.21
73,4,0,1,0,1,0,5,0,0,0,7,0,1079865974,15000,112-2014-03-21_10.46.14.rdf,2014-02-18_10.46.14
74,4,0,1,0,1,0,5,0,0,0,7,0,1079866464,15000,112-2014-03-21_10.54.24.rdf,2014-02-18_10.54.24
75,4,0,1,0,1,0,5,0,0,0,7,0,1084901888,15000,112-2014-05-18_17.38.08.rdf,2014-04-17_17.38.08
76,4,0,1,0,1,0,5,0,0,0,7,0,1122494403,15000,112-2015-07-27_20.00.03.rdf,2015-06-26_20.00.03
77,4,0,1,0,1,0,5,0,0,0,7,0,1124361385,15000,112-2015-08-18_10.36.25.rdf,2015-07-18_10.36.25
78,4,0,1,0,1,0,5,0,0,0,7,0,1124362438,15000,112-2015-08-18_10.53.58.rdf,2015-07-18_10.53.58
79,4,0,1,0,1,0,5,0,0,0,7,0,1174225990,15000,112-2017-03-17_13.53.10.rdf,2017-02-14_13.53.10
80,4,0,1,0,1,0,5,0,0,0,7,0,1189676082,15000,112-2017-09-12_09.34.42.rdf,2017-08-12_09.34.42
81,4,0,1,0,1,0,5,0,0,0,7,0,1189676514,15000,112-2017-09-12_09.41.54.rdf,2017-08-12_09.41.54
82,4,0,1,0,1,0,5,0,0,0,7,0,983361763,15000,113-2011-02-28_12.02.43.rdf,2011-01-28_12.02.43
83,4,0,1,0,1,0,5,0,0,0,7,0,984910221,15000,113-2011-03-18_10.10.21.rdf,2011-02-15_10.10.21
84,4,0,1,0,1,0,5,0,0,0,7,0,987696792,15000,113-2011-04-19_16.13.12.rdf,2011-03-19_16.13.12
85,4,0,1,0,1,0,5,0,0,0,7,0,1189752661,15000,113-2017-09-13_06.51.01.rdf,2017-08-13_06.51.01
86,4,0,1,0,1,0,5,0,0,0,7,0,1189948434,15000,113-2017-09-15_13.13.54.rdf,2017-08-15_13.13.54
87,4,0,1,0,1,0,5,0,0,0,7,0,1189949057,15000,113-2017-09-15_13.24.17.rdf,2017-08-15_13.24.17
88,4,0,1,0,1,0,5,0,0,0,7,0,1220610844,15000,114-2018-09-05_10.34.04.rdf,2018-08-05_10.34.04
89,4,0,1,0,1,0,5,0,0,0,7,0,1220794380,15000,114-2018-09-07_13.33.00.rdf,2018-08-07_13.33.00
90,4,0,1,0,1,0,5,0,0,0,7,0,1221243205,15000,114-2018-09-12_18.13.25.rdf,2018-08-12_18.13.25
91,4,0,1,0,1,0,5,0,0,0,7,0,1124344445,15000,116-2015-08-18_05.54.05.rdf,2015-07-18_05.54.05
92,4,0,1,0,1,0,5,0,0,0,7,0,1124344687,15000,116-2015-08-18_05.58.07.rdf,2015-07-18_05.58.07
93,4,0,1,0,1,0,5,0,0,0,7,0,1124933413,15000,116-2015-08-25_01.30.13.rdf,2015-07-25_01.30.13
94,4,0,1,0,1,0,5,0,0,0,7,0,1143624466,15000,116-2016-03-28_09.27.46.rdf,2016-02-26_09.27.46
95,4,0,1,0,1,0,5,0,0,0,7,0,1143624718,15000,116-2016-03-28_09.31.58.rdf,2016-02-26_09.31.58
96,4,0,1,0,1,0,5,0,0,0,7,0,1206680426,15000,116-2018-03-28_05.00.26.rdf,2018-02-25_05.00.26
97,4,0,1,0,1,0,5,0,0,0,7,0,1221109079,15000,116-2018-09-11_04.57.59.rdf,2018-08-11_04.57.59
98,4,0,1,0,1,0,5,0,0,0,7,0,1221126371,15000,116-2018-09-11_09.46.11.rdf,2018-08-11_09.46.11
99,4,0,1,0,1,0,2,0,2,0,7,0,909919565,15000,117-2008-10-31_11.26.05.rdf,2008-09-30_11.26.05
100,4,0,1,0,1,0,2,0,2,0,7,0,909919715,15000,117-2008-10-31_11.28.35.rdf,2008-09-30_11.28.35
101,4,0,1,0,1,0,2,0,0,0,7,0,936277625,15000,117-2009-09-01_13.07.05.rdf,2009-08-01_13.07.05
102,4,0,1,0,1,0,2,0,0,0,7,0,936277777,15000,117-2009-09-01_13.09.37.rdf,2009-08-01_13.09.37
103,4,0,1,0,1,0,2,0,0,0,7,0,936356207,15000,117-2009-09-02_10.56.47.rdf,2009-08-02_10.56.47
104,4,0,1,0,1,0,2,0,2,0,7,0,909845089,15000,118-2008-10-30_14.44.49.rdf,2008-09-29_14.44.49
105,4,0,1,0,1,0,2,0,0,0,7,0,936356376,15000,118-2009-09-02_10.59.36.rdf,2009-08-02_10.59.36
106,12846,15000,886,888,901,884,1006,1006,1361,1367,16375,29051,58196855,896,12-05_Сентябрь_2006г_16.07.42.rdf,1981-10-04_13.47.35
107,12847,15000,897,871,897,897,1006,1007,1153,1131,16375,20859,57082750,897,12-05_Сентябрь_2006г_17.12.45.rdf,1981-09-21_16.19.10
108,4,0,0,0,2,0,2,0,2,0,6,0,891508216,15000,12-2008-04-01_09.10.16.rdf,2008-03-01_09.10.16
109,4,0,0,0,2,0,2,0,2,0,6,0,891508458,15000,12-2008-04-01_09.14.18.rdf,2008-03-01_09.14.18
110,4,0,0,0,2,0,2,0,2,0,6,0,892994535,15000,12-2008-04-18_14.02.15.rdf,2008-03-18_14.02.15
111,4,0,1,0,2,0,2,0,2,0,6,0,1030522885,15000,12-2012-08-27_08.21.25.rdf,2012-07-27_08.21.25
112,4,0,1,0,2,0,2,0,2,0,6,0,1031745381,15000,12-2012-09-10_11.56.21.rdf,2012-08-10_11.56.21
113,4,0,1,0,2,0,2,0,2,0,6,0,1034595493,15000,12-2012-10-13_11.38.13.rdf,2012-09-12_11.38.13
114,4,0,1,0,1,0,2,0,0,0,7,0,1191761157,15000,122-2017-10-06_12.45.57.rdf,2017-09-05_12.45.57
115,4,0,1,0,1,0,2,0,0,0,7,0,1203687559,15000,122-2018-02-21_13.39.19.rdf,2018-01-21_13.39.19
116,4,0,1,0,1,0,2,0,0,0,7,0,1203687734,15000,122-2018-02-21_13.42.14.rdf,2018-01-21_13.42.14
117,4,0,1,0,1,0,2,0,2,0,7,0,982754437,15000,123-2011-02-21_11.20.37.rdf,2011-01-21_11.20.37
118,4,0,1,0,1,0,2,0,2,0,7,0,982755484,15000,123-2011-02-21_11.38.04.rdf,2011-01-21_11.38.04
119,4,0,1,0,1,0,5,0,0,0,7,0,984740411,15000,123-2011-03-16_11.00.11.rdf,2011-02-13_11.00.11
120,4,0,1,0,1,0,5,0,0,0,7,0,984741033,15000,123-2011-03-16_11.10.33.rdf,2011-02-13_11.10.33
121,4,0,1,0,1,0,5,0,0,0,7,0,1036747094,15000,123-2012-11-07_09.18.14.rdf,2012-10-07_09.18.14
122,4,0,1,0,1,0,5,0,0,0,7,0,1038491288,15000,123-2012-11-27_13.48.08.rdf,2012-10-27_13.48.08
123,4,0,1,0,1,0,5,0,0,0,7,0,1038491610,15000,123-2012-11-27_13.53.30.rdf,2012-10-27_13.53.30
124,4,0,1,0,1,0,5,0,0,0,7,0,1093698449,15000,123-2014-08-28_13 07 29.rdf,2014-07-28_13.07.29
125,12500,10101,-29020,-18132,370,24254,25484,-20163,255,-18227,20382,31229,3017767665,6650,124-2010-01-27_09.01.03.rdf,2075-07-17_20.47.45
126,26035,-16549,-10428,-6346,-2893,15739,-14516,22934,-22409,27595,255,23109,1481798986,-2859,124-2010-01-27_11.15.16.rdf,2026-11-14_10.49.46
127,21845,21845,21845,21845,21845,21845,21845,21845,21845,21845,21845,21845,1431655765,16469,124-2010-01-27_11.22.43.rdf,2025-04-13_02.09.25
128,4,0,1,0,1,0,5,0,0,0,7,0,968484457,15000,124-2010-09-09 НПСО.rdf,2010-08-09_07.27.37
129,4,0,1,0,1,0,2,0,2,0,7,0,999083686,15000,124-2011-08-29_11.14.46.rdf,2011-07-29_11.14.46
130,4,0,1,0,1,0,2,0,2,0,7,0,1001395019,15000,124-2011-09-25_05.16.59.rdf,2011-08-25_05.16.59
131,4,0,1,0,1,0,2,0,2,0,7,0,1008031391,15000,124-2011-12-11_00.43.11.rdf,2011-11-10_00.43.11
132,4,0,1,0,1,0,5,0,0,0,7,0,1048763738,15000,124-2013-03-26_11.15.38.rdf,2013-02-23_11.15.38
133,4,0,1,0,1,0,5,0,0,0,7,0,1049033104,15000,124-2013-03-29_14.05.04.rdf,2013-02-26_14.05.04
134,4,0,1,0,1,0,5,0,0,0,7,0,1049037100,15000,124-2013-03-29_15.11.40.rdf,2013-02-26_15.11.40
135,4,0,1,0,1,0,5,0,0,0,7,0,1130727609,15000,124-2015-10-31_03.00.09.rdf,2015-09-30_03.00.09
136,4,0,1,0,1,0,5,0,0,0,7,0,1130727632,15000,124-2015-10-31_03.00.32.rdf,2015-09-30_03.00.32
137,4,0,1,0,1,0,5,0,0,0,7,0,1130727982,15000,124-2015-10-31_03.06.22.rdf,2015-09-30_03.06.22
138,4,0,1,0,1,0,5,0,0,0,7,0,1240043205,15000,124-2019-04-18_08.26.45.rdf,2019-03-18_08.26.45
139,4,0,1,0,1,0,5,0,0,0,7,0,1243159547,15000,124-2019-05-24_10.05.47.rdf,2019-04-23_10.05.47
140,4,0,1,0,1,0,5,0,0,0,7,0,1250187418,15000,124-2019-08-13_18.16.58.rdf,2019-07-13_18.16.58
141,-7697,255,-1473,-32466,24488,255,-26161,255,-3905,-2351,17405,-3777,16740836,4191,125-2010-01-20_13.45.50.rdf,1980-06-11_18.13.56
142,32063,24413,-31093,15980,-24690,21243,15538,13341,-26288,22234,-7595,-16833,3747561153,-8199,125-2010.01.20Ввод1безСТД.rdf,2098-09-01_13.12.33
143,-17732,-6147,-19715,-21843,8418,-15133,-16569,-52,-1536,-5343,29877,21079,911344044,-18510,125-2010.01.20Ввод1СТД-1.rdf,2008-10-16_23.07.24
144,12169,255,-23777,4606,14237,30974,255,18916,-1857,1021,15043,-6296,3355508681,-110,125-2010.01.20Ввод2 без СТД.rdf,2086-03-30_21.44.41
145,4,0,1,0,1,0,5,0,0,0,7,0,1002705505,15000,125-2011-10-10_09.18.25.rdf,2011-09-09_09.18.25
146,4,0,1,0,1,0,5,0,0,0,7,0,1006667953,15000,125-2011-11-25_05.59.13.rdf,2011-10-25_05.59.13
147,4,0,1,0,1,0,5,0,0,0,7,0,1125213829,15000,125-2015-08-28_07.23.49.rdf,2015-07-28_07.23.49
148,4,0,1,0,1,0,5,0,0,0,7,0,1126815099,15000,125-2015-09-15_20.11.39.rdf,2015-08-15_20.11.39
149,4,0,1,0,1,0,5,0,0,0,7,0,1128789790,15000,125-2015-10-08_16.43.10.rdf,2015-09-07_16.43.10
150,4,0,1,0,1,0,5,0,0,0,7,0,1253438612,15000,125-2019-09-20_09.23.32.rdf,2019-08-20_09.23.32
151,4,0,1,0,1,0,5,0,0,0,7,0,1253880889,15000,125-2019-09-25_12.14.49.rdf,2019-08-25_12.14.49
152,4,0,1,0,1,0,5,0,0,0,7,0,1253882295,15000,125-2019-09-25_12.38.15.rdf,2019-08-25_12.38.15
153,4,0,1,0,1,0,5,0,0,0,7,0,1175428714,15000,126-2017-03-31_11.58.34.rdf,2017-02-28_11.58.34
154,4,0,1,0,1,0,5,0,0,0,7,0,1177849262,15000,126-2017-04-28_12.21.02.rdf,2017-03-28_12.21.02
155,4,0,1,0,1,0,5,0,0,0,7,0,1181413134,15000,126-2017-06-08_18.18.54.rdf,2017-05-08_18.18.54
156,4,0,1,0,1,0,5,0,0,0,7,0,1220525796,15000,126-2018-09-04_10.56.36.rdf,2018-08-04_10.56.36
157,4,0,1,0,1,0,5,0,0,0,7,0,1220525992,15000,126-2018-09-04_10.59.52.rdf,2018-08-04_10.59.52
158,4,0,1,0,1,0,5,0,0,0,7,0,1220532259,15000,126-2018-09-04_12.44.19.rdf,2018-08-04_12.44.19
159,4,0,1,0,1,0,5,0,0,0,7,0,1220761738,15000,127-2018-09-07_04.28.58.rdf,2018-08-07_04.28.58
160,4,0,1,0,1,0,5,0,0,0,7,0,1221216654,15000,127-2018-09-12_10.50.54.rdf,2018-08-12_10.50.54
161,4,0,1,0,1,0,5,0,0,0,7,0,1221217294,15000,127-2018-09-12_11.01.34.rdf,2018-08-12_11.01.34
162,4,0,1,0,1,0,5,0,0,0,7,0,1088764908,15000,128-2014-07-02_10.41.48.rdf,2014-06-01_10.41.48
163,4,0,1,0,1,0,5,0,0,0,7,0,1089536417,15000,128-2014-07-11_09.00.17.rdf,2014-06-10_09.00.17
164,4,0,1,0,1,0,5,0,0,0,7,0,1090004002,15000,128-2014-07-16_18.53.22.rdf,2014-06-15_18.53.22
165,4,0,1,0,1,0,5,0,0,0,7,0,1093778978,15000,128-2014-08-29_11.29.38.rdf,2014-07-29_11.29.38
166,4,0,1,0,1,0,5,0,0,0,7,0,1093779585,15000,128-2014-08-29_11.39.45.rdf,2014-07-29_11.39.45
167,4,0,1,0,1,0,5,0,0,0,7,0,1111855260,15000,128-2015-03-26_16.41.00.rdf,2015-02-23_16.41.00
168,4,0,1,0,1,0,5,0,0,0,7,0,1118296897,15000,128-2015-06-09_06.01.37.rdf,2015-05-09_06.01.37
169,4,0,1,0,1,0,5,0,0,0,7,0,1118297480,15000,128-2015-06-09_06.11.20.rdf,2015-05-09_06.11.20
170,4,0,1,0,1,0,5,0,0,0,7,0,991304878,15000,129-2011-05-31_10.27.58.rdf,2011-04-30_10.27.58
171,4,0,1,0,1,0,5,0,0,0,7,0,1066306749,15000,129-2013-10-15_12.19.09.rdf,2013-09-14_12.19.09
172,4,0,1,0,1,0,5,0,0,0,7,0,1066306844,15000,129-2013-10-15_12.20.44.rdf,2013-09-14_12.20.44
173,4,0,1,0,1,0,5,0,0,0,7,0,1093782668,15000,129-2014-08-29_12.31.08.rdf,2014-07-29_12.31.08
174,4,0,1,0,1,0,5,0,0,0,7,0,1093782724,15000,129-2014-08-29_12.32.04.rdf,2014-07-29_12.32.04
175,4,0,1,0,1,0,5,0,0,0,7,0,1111859024,15000,129-2015-03-26_17.43.44.rdf,2015-02-23_17.43.44
176,4,0,1,0,1,0,5,0,0,0,7,0,1111859087,15000,129-2015-03-26_17.44.47.rdf,2015-02-23_17.44.47
177,4,0,1,0,1,0,5,0,0,0,7,0,1083782807,15000,130-2014-05-05_18.46.47.rdf,2014-04-04_18.46.47
178,4,0,1,0,1,0,5,0,0,0,7,0,1090004771,15000,130-2014-07-16_19.06.11.rdf,2014-06-15_19.06.11
179,4,0,1,0,1,0,5,0,0,0,7,0,1090134287,15000,130-2014-07-18_07.04.47.rdf,2014-06-17_07.04.47
180,4,0,1,0,1,0,5,0,0,0,7,0,1112893624,15000,130-2015-04-07_17.07.04.rdf,2015-03-07_17.07.04
181,4,0,1,0,1,0,5,0,0,0,7,0,1118297132,15000,130-2015-06-09_06.05.32.rdf,2015-05-09_06.05.32
182,4,0,1,0,1,0,5,0,0,0,7,0,1118297715,15000,130-2015-06-09_06.15.15.rdf,2015-05-09_06.15.15
183,4,0,1,0,1,0,5,0,0,0,7,0,1090004544,15000,133-2014-07-16_19.02.24.rdf,2014-06-15_19.02.24
184,4,0,1,0,1,0,5,0,0,0,7,0,1090134062,15000,133-2014-07-18_07.01.02.rdf,2014-06-17_07.01.02
185,4,0,1,0,1,0,5,0,0,0,7,0,1093444377,15000,133-2014-08-25_14.32.57.rdf,2014-07-25_14.32.57
186,4,0,1,0,1,0,5,0,0,0,7,0,1093620194,15000,133-2014-08-27_15.23.14.rdf,2014-07-27_15.23.14
187,4,0,1,0,1,0,5,0,0,0,7,0,1093793734,15000,133-2014-08-29_15.35.34.rdf,2014-07-29_15.35.34
188,4,0,1,0,1,0,5,0,0,0,7,0,1093793804,15000,133-2014-08-29_15.36.44.rdf,2014-07-29_15.36.44
189,4,0,1,0,1,0,5,0,0,0,7,0,1111938195,15000,133-2015-03-27_15.43.15.rdf,2015-02-24_15.43.15
190,4,0,1,0,1,0,5,0,0,0,7,0,1111938308,15000,133-2015-03-27_15.45.08.rdf,2015-02-24_15.45.08
191,4,0,1,0,1,0,5,0,0,0,7,0,1111938788,15000,133-2015-03-27_15.53.08.rdf,2015-02-24_15.53.08
192,4,0,1,0,1,0,5,0,0,0,7,0,1119179800,15000,133-2015-06-19_11.16.40.rdf,2015-05-19_11.16.40
193,4,0,1,0,1,0,5,0,0,0,7,0,1119179865,15000,133-2015-06-19_11.17.45.rdf,2015-05-19_11.17.45
194,4,0,1,0,1,0,5,0,0,0,7,0,1095001051,15000,134-2014-09-12_14.57.31.rdf,2014-08-12_14.57.31
195,4,0,1,0,0,0,5,0,0,0,7,0,1095001392,15000,134-2014-09-12_15.03.12.rdf,2014-08-12_15.03.12
196,4,0,1,0,1,0,5,0,0,0,7,0,1195148132,15000,136-2017-11-14_17.35.32.rdf,2017-10-14_17.35.32
197,4,0,1,0,1,0,5,0,0,0,7,0,1195152083,15000,136-2017-11-14_18.41.23.rdf,2017-10-14_18.41.23
198,4,0,1,0,1,0,5,0,0,0,7,0,1208809583,15000,136-2018-04-21_20.26.23.rdf,2018-03-21_20.26.23
199,4,0,1,0,1,0,5,0,0,0,7,0,1206192510,15000,137-2018-03-22_13.28.30.rdf,2018-02-19_13.28.30
200,4,0,1,0,1,0,5,0,0,0,7,0,1206193410,15000,137-2018-03-22_13.43.30.rdf,2018-02-19_13.43.30
201,4,0,1,0,1,0,5,0,0,0,7,0,1206193479,15000,137-2018-03-22_13.44.39.rdf,2018-02-19_13.44.39
202,4,0,1,0,1,0,5,0,0,0,7,0,1189735087,15000,139-2017-09-13_01.58.07.rdf,2017-08-13_01.58.07
203,4,0,1,0,1,0,5,0,0,0,7,0,1190266506,15000,139-2017-09-19_05.35.06.rdf,2017-08-19_05.35.06
204,4,0,1,0,1,0,5,0,0,0,7,0,1190267646,15000,139-2017-09-19_05.54.06.rdf,2017-08-19_05.54.06
205,-9565,-24598,-138,-30208,-17488,4478,-20139,-23486,24962,28498,-20665,-30359,3562324907,-21509,141-2011-10-27_17.26.48.rdf,2092-10-18_14.41.47
206,-1439,30420,11545,7587,11878,26699,22983,-28021,-20006,17871,28105,-6312,2897667298,-11917,141-2011-10-27_17.32.53.rdf,2071-09-26_19.34.58
207,10230,-8196,32751,-137,1792,-313,-11025,-8194,-4869,-4193,3965,32705,3036202779,-21240,141-2011-10-28_13.53.23.rdf,2076-02-16_05.39.39
208,-13515,14729,-13015,29988,8860,56,13693,-31028,-11918,-527,4689,-19332,898097588,-22321,142-2011-07-23_17.03.12.rdf,2008-05-16_15.33.08
209,-27572,-30219,-30029,27374,-19172,-6742,-17871,4010,-16835,1407,30213,26172,2235532521,-12539,142-2011-07-24_14.42.45.rdf,2050-10-03_05.15.21
210,8224,2592,8224,8224,8224,8224,8224,8224,8224,8224,8224,8224,538976288,8224,143-2010-06-23_17.55.37.rdf,1996-12-29_03.38.08
211,-28680,3663,20255,255,-17035,-31533,17522,24770,9290,-23724,13359,-1948,3287284447,-26201,143-2010-06-23_17.57.05.rdf,2084-01-31_06.34.07
212,4,0,1,0,1,0,5,0,0,0,7,0,1000888919,15000,143-2011-09-19_08.41.59.rdf,2011-08-19_08.41.59
213,4,0,1,0,1,0,5,0,0,0,7,0,1013688080,15000,143-2012-02-14_12.01.20.rdf,2012-01-14_12.01.20
214,4,0,1,0,1,0,5,0,0,0,7,0,1013688195,15000,143-2012-02-14_12.03.15.rdf,2012-01-14_12.03.15
215,4,0,1,0,1,0,5,0,0,0,7,0,1021906016,15000,143-2012-05-19_14.46.56.rdf,2012-04-18_14.46.56
216,4,0,1,0,1,0,5,0,0,0,7,0,1022215633,15000,143-2012-05-23_04.47.13.rdf,2012-04-22_04.47.13
217,4,0,1,0,1,0,5,0,0,0,7,0,1024043141,15000,143-2012-06-13_08.25.41.rdf,2012-05-13_08.25.41
218,4,0,1,0,1,0,5,0,0,0,7,0,1049106762,15000,144-2013-03-30_10.32.42.rdf,2013-02-27_10.32.42
219,4,0,1,0,1,0,5,0,0,0,7,0,1059385547,15000,144-2013-07-27_09.45.47.rdf,2013-06-26_09.45.47
220,4,0,1,0,1,0,5,0,0,0,7,0,1060249322,15000,144-2013-08-06_09.42.02.rdf,2013-07-06_09.42.02
221,4,0,1,0,1,0,5,0,0,0,7,0,1060249784,15000,144-2013-08-06_09.49.44.rdf,2013-07-06_09.49.44
222,4,0,1,0,1,0,5,0,0,0,7,0,1174557911,15000,144-2017-03-21_10.05.11.rdf,2017-02-18_10.05.11
223,4,0,1,0,1,0,5,0,0,0,7,0,1177995312,15000,144-2017-04-30_04.55.12.rdf,2017-03-30_04.55.12
224,4,0,1,0,1,0,5,0,0,0,7,0,1180301397,15000,144-2017-05-26_21.29.57.rdf,2017-04-25_21.29.57
225,4,0,1,0,1,0,5,0,0,0,7,0,1216482326,15000,144-2018-07-19_15.45.26.rdf,2018-06-18_15.45.26
226,4,0,1,0,1,0,5,0,0,0,7,0,1216482499,15000,144-2018-07-19_15.48.19.rdf,2018-06-18_15.48.19
227,4,0,1,0,1,0,5,0,0,0,7,0,1218720685,15000,144-2018-08-14_13.31.25.rdf,2018-07-14_13.31.25
228,4,0,1,0,1,0,5,0,0,0,7,0,1219470407,15000,144-2018-08-23_05.46.47.rdf,2018-07-23_05.46.47
229,4,0,1,0,1,0,5,0,0,0,7,0,1219489168,15000,144-2018-08-23_10.59.28.rdf,2018-07-23_10.59.28
230,4,0,1,0,1,0,5,0,0,0,7,0,1049106289,15000,145-2013-03-30_10.24.49.rdf,2013-02-27_10.24.49
231,4,0,1,0,1,0,5,0,0,0,7,0,1050651478,15000,145-2013-04-17_07.37.58.rdf,2013-03-17_07.37.58
232,4,0,1,0,1,0,5,0,0,0,7,0,1059385004,15000,145-2013-07-27_09.36.44.rdf,2013-06-26_09.36.44
233,4,0,1,0,1,0,5,0,0,0,7,0,1060250698,15000,145-2013-08-06_10.04.58.rdf,2013-07-06_10.04.58
234,4,0,1,0,1,0,5,0,0,0,7,0,1177994703,15000,145-2017-04-30_04.45.03.rdf,2017-03-30_04.45.03
235,4,0,1,0,1,0,5,0,0,0,7,0,1180300772,15000,145-2017-05-26_21.19.32.rdf,2017-04-25_21.19.32
236,4,0,1,0,1,0,5,0,0,0,7,0,1183093409,15000,145-2017-06-28_05.03.29.rdf,2017-05-28_05.03.29
237,4,0,1,0,1,0,5,0,0,0,7,0,1185027306,15000,145-2017-07-20_14.15.06.rdf,2017-06-19_14.15.06
238,4,0,1,0,1,0,5,0,0,0,7,0,1185027509,15000,145-2017-07-20_14.18.29.rdf,2017-06-19_14.18.29
239,4,0,1,0,1,0,5,0,0,0,7,0,1216482673,15000,145-2018-07-19_15.51.13.rdf,2018-06-18_15.51.13
240,4,0,1,0,1,0,5,0,0,0,7,0,1218720453,15000,145-2018-08-14_13.27.33.rdf,2018-07-14_13.27.33
241,4,0,1,0,1,0,5,0,0,0,7,0,1219470484,15000,145-2018-08-23_05.48.04.rdf,2018-07-23_05.48.04
242,4,0,1,0,1,0,2,0,2,0,7,0,1004421700,15000,146-2011-10-30_06.01.40.rdf,2011-09-29_06.01.40
243,4,0,1,0,1,0,2,0,2,0,7,0,1004608287,15000,146-2011-11-01_09.51.27.rdf,2011-10-01_09.51.27
244,4,0,1,0,1,0,2,0,2,0,7,0,1004970402,15000,146-2011-11-05_14.26.42.rdf,2011-10-05_14.26.42
245,4,0,1,0,1,0,2,0,2,0,7,0,1006349408,15000,146-2011-11-21_13.30.08.rdf,2011-10-21_13.30.08
246,4,0,1,0,1,0,2,0,2,0,7,0,1006350847,15000,146-2011-11-21_13.54.07.rdf,2011-10-21_13.54.07
247,4,0,1,0,1,0,2,0,0,0,7,0,1030127266,15000,146-2012-08-22_18 27 46.rdf,2012-07-22_18.27.46
248,4,0,1,0,1,0,2,0,0,0,7,0,1030127266,15000,146-2012-08-22_18.27.46.rdf,2012-07-22_18.27.46
249,4,0,1,0,1,0,5,0,0,0,7,0,1036706127,15000,146-2012-11-06_21.55.27.rdf,2012-10-06_21.55.27
250,4,0,1,0,1,0,5,0,0,0,7,0,1036737509,15000,146-2012-11-07_06.38.29.rdf,2012-10-07_06.38.29
251,4,0,1,0,1,0,5,0,0,0,7,0,1037198443,15000,146-2012-11-12_14.40.43.rdf,2012-10-12_14.40.43
252,4,0,1,0,1,0,2,0,0,0,7,0,1039192138,15000,146-2012-12-05_16.28.58.rdf,2012-11-04_16.28.58
253,4,0,1,0,1,0,2,0,0,0,7,0,1042427647,15000,146-2013-01-12_03.14.07.rdf,2012-12-12_03.14.07
254,4,0,1,0,1,0,2,0,0,0,7,0,1042659882,15000,146-2013-01-14_19.44.42.rdf,2012-12-14_19.44.42
255,4,0,1,0,1,0,2,0,0,0,7,0,1043402525,15000,146-2013-01-23_10.02.05.rdf,2012-12-23_10.02.05
256,4,0,1,0,1,0,5,0,0,0,7,0,1067520405,15000,146-2013-10-29_13.26.45.rdf,2013-09-28_13.26.45
257,4,0,1,0,1,0,5,0,0,0,7,0,1067522198,15000,146-2013-10-29_13.56.38.rdf,2013-09-28_13.56.38
258,4,0,1,0,1,0,5,0,0,0,7,0,1069371594,15000,146-2013-11-19_23.39.54.rdf,2013-10-19_23.39.54
259,4,0,1,0,1,0,2,0,0,0,7,0,1073972011,15000,146-2014-01-12_05.33.31.rdf,2013-12-12_05.33.31
260,-2065,16221,32755,5107,-1697,30061,-17767,-30514,15695,18073,7239,32358,2811203628,-8196,147-2011-09-02_13.42.09.rdf,2068-12-30_01.53.48
261,-21846,-21846,-21846,-21846,-21846,-21846,-21846,-21846,-21846,-21846,-21846,-21846,2515568810,21845,147-2011-09-02_14.14.21.rdf,2059-08-18_09.06.50
262,15083,-25220,-19908,28480,-11890,-28814,32662,12282,-7273,255,-24715,-14126,1509871612,30717,148-2011-09-06_12.47.48.rdf,2027-10-05_08.46.52
263,21246,-24587,22432,-20585,8683,24784,20895,-30573,16270,24458,-19986,-6529,3498807116,-799,148-2011-09-06_12.52.16.rdf,2090-10-14_10.51.56
264,28781,6135,1152,-1481,32712,1620,-5600,23613,-19495,-1068,-25263,15313,733466403,32157,149-2011-08-22_10.55.47 самотлор отлёчение ввода №2.rdf,2003-02-27_04.40.03
265,7838,-9111,22138,19279,-22617,-27297,32353,26929,-6494,-9501,12503,-2857,2669702412,5407,149-2011-08-22_11.06.41отключение ввода№1.rdf,2064-07-06_08.00.12
266,-28711,255,-7371,-10242,-3074,-15644,-1813,-8049,-5197,-23417,-25549,14461,3820166929,13956,150-2011-04-26_16.38.31.rdf,2100-12-20_21.28.49
267,-3981,1808,-10403,-553,32740,30185,-11889,-21846,-21846,-21846,14270,23806,3450731231,255,150-2011-04-26_16.43.46.rdf,2089-04-06_00.27.11
268,22930,-4234,-21105,-29444,-4481,255,-1352,-1910,32573,-20994,16314,-12311,3870949631,-13573,150-2011-04-26_17.17.56.rdf,2102-07-31_15.47.11
269,-29698,30185,-3784,-15003,26408,19631,-5501,-3474,26567,13310,-8195,14334,1961155581,25021,150-2011-04-26_17.26.33.rdf,2042-01-22_13.26.21
270,-3521,-5649,18481,30914,-30222,-26556,15306,-1679,8037,-5379,-12675,-22125,3406868477,20658,150-2011-04-26_17.34.05.rdf,2087-11-15_08.21.17
271,23503,-16386,-19649,-2579,15214,23869,-26658,13564,-17601,-24,14080,28155,3286565119,-15089,150-2011-04-26_19.21.30.rdf,2084-01-22_22.45.19
272,-400,-11243,-923,32094,21335,11281,-19631,21126,-19493,255,-3764,-15390,1066664191,-583,150-2011-04-26_19.52.24.rdf,2013-09-18_15.36.31
273,8046,508,-433,30811,15823,20551,-3201,-208,-8192,16137,28409,15459,4266597877,-146,150-2011-04-26_20.01.31.rdf,2115-02-12_22.04.37
274,4,0,1,0,1,0,5,0,0,0,7,0,1031692321,15000,150-2012-09-09_21.12.01(откл.тр-ра по диф.защ.).rdf,2012-08-09_21.12.01
275,4,0,1,0,1,0,5,0,0,0,7,0,1035711840,15000,150-2012-10-26_09.44.00(хх.откл ТР1).rdf,2012-09-25_09.44.00
276,4,0,1,0,1,0,5,0,0,0,7,0,1035712182,15000,150-2012-10-26_09.49.42хх.отклТР2).rdf,2012-09-25_09.49.42
277,4,0,1,0,1,0,5,0,0,0,7,0,1035801460,15000,"150-2012-10-27_10.37.40(нагр.4СШ,откл.Тр2).rdf",2012-09-26_10.37.40
278,4,0,1,0,1,0,5,0,0,0,7,0,1035801730,15000,"150-2012-10-27_10.42.10(нагр.4СШ,откл.Тр1).rdf",2012-09-26_10.42.10
279,4,0,1,0,1,0,5,0,0,0,7,0,1035801834,15000,150-2012-10-27_10.43.54.rdf,2012-09-26_10.43.54
280,4,0,1,0,1,0,5,0,0,0,7,0,1035803625,15000,"150-2012-10-27_11.13.45(нагр.2,4СШ,откл.Тр1).rdf",2012-09-26_11.13.45
281,4,0,1,0,1,0,5,0,0,0,7,0,1035803880,15000,"150-2012-10-27_11.18.00(нагр.2,4СШ,откл.Тр1).rdf",2012-09-26_11.18.00
282,4,0,1,0,1,0,5,0,0,0,7,0,1035804071,15000,"150-2012-10-27_11.21.11(нагр.2СШ,откл.Тр2.rdf",2012-09-26_11.21.11
283,4,0,1,0,1,0,5,0,0,0,7,0,1035804330,15000,"150-2012-10-27_11.25.30(нагр.2СШ,откл.Тр1.rdf",2012-09-26_11.25.30
284,4,0,1,0,1,0,5,0,0,0,7,0,1096207337,15000,150-2014-09-26_14.02.17.rdf,2014-08-26_14.02.17
285,4,0,1,0,1,0,5,0,0,0,7,0,1096207636,15000,150-2014-09-26_14.07.16.rdf,2014-08-26_14.07.16
286,4,0,1,0,1,0,5,0,0,0,7,0,1176398005,15000,150-2017-04-11_17.13.25.rdf,2017-03-11_17.13.25
287,4,0,1,0,1,0,5,0,0,0,7,0,1177577389,15000,150-2017-04-25_08.49.49.rdf,2017-03-25_08.49.49
288,4,0,1,0,1,0,5,0,0,0,7,0,1177805035,15000,150-2017-04-28_00.03.55.rdf,2017-03-28_00.03.55
289,4,0,1,0,1,0,5,0,0,0,7,0,1190023524,15000,150-2017-09-16_10.05.24.rdf,2017-08-16_10.05.24
290,4,0,1,0,1,0,5,0,0,0,7,0,1190023764,15000,150-2017-09-16_10.09.24.rdf,2017-08-16_10.09.24
291,13122,15000,912,905,904,903,896,896,1632,1644,10239,-2857,59048851,903,"151,152-02_Апрель_2007г_15.43.22.rdf",1981-10-14_10.27.31
292,13123,15000,903,902,908,892,896,896,430,428,10239,13527,59114375,903,"151,152-03_Апрель_2007г_11.54.01.rdf",1981-10-15_04.39.35
293,13123,15000,902,903,898,899,896,896,143,140,10239,13527,59179910,894,"151,152-03_Апрель_2007г_12.09.06.rdf",1981-10-15_22.51.50
294,13123,15000,901,914,903,902,896,896,1431,1477,10239,29911,59769736,903,"151,152-03_Апрель_2007г_12.33.14.rdf",1981-10-22_18.42.16
295,13123,15000,894,901,904,903,896,896,166,-15,10239,29911,59310972,904,"151,152-03_Апрель_2007г_13.35.58.rdf",1981-10-17_11.16.12
296,13124,15000,870,907,901,889,892,890,1634,1609,10239,13527,58721119,904,"151,152-04_Апрель_2007г_11.23.02.rdf",1981-10-10_15.25.19
297,13124,15000,864,896,904,893,892,890,1640,1610,10239,13527,58000220,906,"151,152-04_Апрель_2007г_11.36.20.rdf",1981-10-02_07.10.20
298,13125,15000,915,896,903,902,896,896,1243,1233,10239,29911,58459026,903,"151,152-04_Апрель_2007г_14.51.48.rdf",1981-10-07_14.37.06
299,13125,15000,853,858,897,896,892,891,1212,1171,10239,29911,55837533,897,"151,152-04_Апрель_2007г_16.19.44.rdf",1981-09-07_06.25.33
300,13125,15000,928,891,892,901,893,890,156,185,10239,13527,59114407,889,"151,152-04_Апрель_2007г_16.31.50.rdf",1981-10-15_04.40.07
301,13126,15000,896,888,893,894,899,899,240,239,14335,29911,58393469,893,"151,152-05_Апрель_2007г_14.17.17.rdf",1981-10-06_20.24.29
302,13126,15000,903,892,892,893,899,899,1413,1400,14335,29911,58327943,893,"151,152-05_Апрель_2007г_14.28.28.rdf",1981-10-06_02.12.23
303,-26141,-26125,-1470,-2619,-22301,-9100,3084,27564,-19864,-24340,17981,-28435,2148327634,8733,153-2011-08-15_16.28.13ашение ввода №2.rdf,2047-12-28_21.40.34
304,-19345,23914,-28983,-7731,-22709,3317,-16724,21905,-9863,-27099,-27049,11498,1928675699,21339,153-2011-08-15_16.28.1гашение ввода №2.rdf,2041-01-11_15.14.59
305,-7592,-634,-274,-28684,20181,19606,1018,-6148,31359,-3233,-23217,255,1005002656,-11269,153-2011-08-15_16.33.54 Отключение Ввода№1.rdf,2011-10-05_23.24.16
306,-29179,5800,31679,3599,1633,-8177,-25677,12798,32361,31259,30861,11929,3233690565,-4650,153-2011-10-22_07.40.25.rdf,2082-05-20_23.22.45
307,-20806,29494,26348,-15557,19421,-17226,-2495,-16197,-22070,-10649,-26706,26197,3659018971,-29757,153-2011-10-22_07.40.38.rdf,2095-11-11_18.09.31
308,5746,19335,-5432,14393,-18024,-10522,-9706,22998,2923,-15562,-9954,-11658,2868504079,24024,153-2011-10-22_07.40.52.rdf,2070-10-24_06.41.19
309,-22094,-18845,-4807,-4082,20260,-27684,-22222,-9295,-2536,-8519,-32256,28242,2910408269,27055,153-2011-10-27_12.32.19.rdf,2072-02-21_06.44.29
310,3859,22696,-19765,3947,26237,18776,-15810,-18629,3933,-17254,20020,18834,608801316,18834,153-2011-10-27_13.00.14.rdf,1999-03-17_07.28.36
311,-10434,-11639,9006,30161,3983,-4390,-28565,32478,29963,23455,-3790,-8326,3431083244,-8278,153-2011-10-27_13.40.17.rdf,2088-08-21_14.40.44
312,255,32389,-304,3483,18107,-9270,23902,3775,-3113,-977,16313,25589,4245675931,-31273,154-2011-08-16_13.43.16 отключение ввода №1.rdf,2114-06-15_18.25.31
313,-14339,21154,1552,8274,2884,-28780,6339,11199,-2861,-847,-3761,-10943,773685346,-18943,154-2011-08-16_13.49.39 отказ отключение ввода №2.rdf,2004-06-06_16.35.46
314,21845,21845,21845,21845,21845,21845,21845,21845,21845,21845,21845,21845,1431655765,21845,154-2011-08-16_13.59.24 отключение ввода№2.rdf,2025-04-13_02.09.25
315,4,0,1,0,1,0,5,0,0,0,7,0,1109243945,15000,156-2015-02-24_11.19.05.rdf,2015-01-24_11.19.05
316,4,0,1,0,1,0,5,0,0,0,7,0,1109249677,15000,156-2015-02-24_12.54.37.rdf,2015-01-24_12.54.37
317,4,0,1,0,1,0,5,0,0,0,7,0,1109243954,15000,157-2015-02-24_11.19.14.rdf,2015-01-24_11.19.14
318,4,0,1,0,1,0,5,0,0,0,7,0,1109249685,15000,157-2015-02-24_12.54.45.rdf,2015-01-24_12.54.45
319,4,0,1,0,1,0,2,0,0,0,7,0,1047985836,15000,158-2012-05-15_16.54.42.rdf,2013-02-14_11.10.36
320,4,0,1,0,2,0,2,0,2,0,6,0,1032848130,15000,158-2012-05-15_19.21.19.rdf,2012-08-23_06.15.30
321,4,0,1,0,1,0,5,0,0,0,7,0,1059589124,15000,158-2012-05-16_09.20.35.rdf,2013-06-28_18.18.44
322,4,0,1,0,1,0,5,0,0,0,7,0,1060011519,15000,158-2012-05-16_19.20.21.rdf,2013-07-03_15.38.39
323,4,0,1,0,1,0,5,0,0,0,7,0,1045740921,15000,159-2012-06-26_15.37.42.rdf,2013-01-19_11.35.21
324,18770,-28124,-28012,9289,9381,18834,18729,-28124,21066,9289,-27502,18834,2451875108,10569,159-2012-06-26_15.50.32.rdf,2057-08-11_04.25.08
325,-20063,-7910,0,0,0,0,0,0,0,0,62,3,655358,6,159-2012-06-27_08.14.51.rdf,1979-12-08_14.02.38
326,4,0,1,0,1,0,2,0,0,0,7,0,1028972772,15000,159-2012-06-27_08.25.09.rdf,2012-07-09_09.46.12
327,4096,17994,17993,256,258,11265,11265,0,-7681,19473,30789,26217,1296891904,10752,159-2012-06-27_08.56.50.rdf,2021-01-04_07.45.04
328,4,0,1,0,1,0,2,0,0,0,7,0,1025275889,15000,159-2012-06-27_14.51.29.rdf,2012-05-27_14.51.29
329,4,0,1,0,1,0,2,0,0,0,7,0,1025363479,15000,159-2012-06-28_15.11.19.rdf,2012-05-28_15.11.19
330,4,0,1,0,1,0,2,0,0,0,7,0,1111663171,15000,160-2015-03-24_11.19.31.rdf,2015-02-21_11.19.31
331,4,0,1,0,1,0,2,0,0,0,7,0,1111940349,15000,160-2015-03-27_16.19.09.rdf,2015-02-24_16.19.09
332,4,0,1,0,1,0,5,0,0,0,7,0,1043592640,15000,162-2013-01-25_14.50.40.rdf,2012-12-25_14.50.40
333,4,0,1,0,1,0,5,0,0,0,7,0,1043593279,15000,162-2013-01-25_15.01.19.rdf,2012-12-25_15.01.19
334,-15514,-7191,-5181,-5761,32702,1871,26366,32757,-29710,-16908,-7361,5789,2872001404,-10232,164-2011-10-26_14.22.52.rdf,2070-12-03_18.10.04
335,4,0,1,0,1,0,2,0,0,0,7,0,1035964712,15000,164-2012-10-29_07 58 32.rdf,2012-09-28_07.58.32
336,4,0,1,0,1,0,2,0,0,0,7,0,1036230645,15000,164-2012-11-01_09 50 45.rdf,2012-10-01_09.50.45
337,4,0,1,0,1,0,5,0,0,0,7,0,1039613220,15000,164-2012-12-10_13.27.00.rdf,2012-11-09_13.27.00
338,4,0,1,0,1,0,5,0,0,0,7,0,1039749609,15000,164-2012-12-12_03.20.09.rdf,2012-11-11_03.20.09
339,4,0,1,0,1,0,5,0,0,0,7,0,1067009790,15000,167-2013-10-23_15.36.30.rdf,2013-09-22_15.36.30
340,4,0,1,0,1,0,5,0,0,0,7,0,1067009830,15000,167-2013-10-23_15.37.10.rdf,2013-09-22_15.37.10
341,4,0,1,0,1,0,5,0,0,0,7,0,1108222147,15000,170-2015-02-12_15.29.07.rdf,2015-01-12_15.29.07
342,4,0,1,0,1,0,2,0,2,0,7,0,1108222582,15000,170-2015-02-12_15.36.22.rdf,2015-01-12_15.36.22
343,4,0,1,0,1,0,5,0,0,0,7,0,1246809098,15000,170-2019-07-05_15.51.38.rdf,2019-06-04_15.51.38
344,4,0,1,0,1,0,5,0,0,0,7,0,1248165220,15000,170-2019-07-21_08.33.40.rdf,2019-06-20_08.33.40
345,4,0,1,0,1,0,5,0,0,0,7,0,1252164151,15000,170-2019-09-05_15.22.31.rdf,2019-08-05_15.22.31
346,4,0,1,0,1,0,5,0,0,0,7,0,1059588469,15000,173-2013-01-17_17.24.20.rdf,2013-06-28_18.07.49
347,4,0,1,0,1,0,5,0,0,0,7,0,1049033104,15000,173-2013-01-17_17.30.04.rdf,2013-02-26_14.05.04
348,4,0,1,0,1,0,5,0,0,0,7,0,1042991210,15000,173-2013-01-18_15.46.50.rdf,2012-12-18_15.46.50
349,4,0,1,0,1,0,5,0,0,0,7,0,1042999299,15000,173-2013-01-18_18.01.39.rdf,2012-12-18_18.01.39
350,4,0,1,0,1,0,5,0,0,0,7,0,1220794712,15000,173-2018-09-07_13.38.32.rdf,2018-08-07_13.38.32
351,4,0,1,0,1,0,5,0,0,0,7,0,1220798416,15000,173-2018-09-07_14.40.16.rdf,2018-08-07_14.40.16
352,4,0,1,0,1,0,5,0,0,0,7,0,1220798515,15000,173-2018-09-07_14.41.55.rdf,2018-08-07_14.41.55
353,4,0,1,0,1,0,5,0,0,0,7,0,1220799616,15000,174-2018-09-07_15.00.16.rdf,2018-08-07_15.00.16
354,4,0,1,0,1,0,5,0,0,0,7,0,1221156494,15000,174-2018-09-11_18.08.14.rdf,2018-08-11_18.08.14
355,4,0,1,0,1,0,5,0,0,0,7,0,1221157010,15000,174-2018-09-11_18.16.50.rdf,2018-08-11_18.16.50
356,4,0,1,0,1,0,5,0,0,0,7,0,1220778616,15000,176-2018-09-07_09.10.16.rdf,2018-08-07_09.10.16
357,4,0,1,0,1,0,5,0,0,0,7,0,1221192583,15000,176-2018-09-12_04.09.43.rdf,2018-08-12_04.09.43
358,4,0,1,0,1,0,5,0,0,0,7,0,1221193309,15000,176-2018-09-12_04.21.49.rdf,2018-08-12_04.21.49
359,4,0,1,0,1,0,5,0,0,0,7,0,1221372625,15000,176-2018-09-14_06.10.25_пробная запись.rdf,2018-08-14_06.10.25
360,4,0,1,0,1,0,5,0,0,0,7,0,1220801690,15000,177-2018-09-07_15.34.50.rdf,2018-08-07_15.34.50
361,4,0,1,0,1,0,5,0,0,0,7,0,1221145273,15000,177-2018-09-11_15.01.13.rdf,2018-08-11_15.01.13
362,4,0,1,0,1,0,5,0,0,0,7,0,1221145831,15000,177-2018-09-11_15.10.31.rdf,2018-08-11_15.10.31
363,4,0,1,0,1,0,2,0,0,0,7,0,1056528096,15000,181-2012-10-31_15.31.53.rdf,2013-05-24_08.01.36
364,4,0,1,0,1,0,5,0,0,0,7,0,1036164894,15000,181-2012-10-31_15.34.54.rdf,2012-09-30_15.34.54
365,4,0,1,0,1,0,5,0,0,0,7,0,1036165427,15000,181-2012-10-31_15.43.47.rdf,2012-09-30_15.43.47
366,4,0,1,0,1,0,5,0,0,0,7,0,1188397781,15000,181-2017-08-28_14.29.41.rdf,2017-07-28_14.29.41
367,4,0,1,0,1,0,5,0,0,0,7,0,1188397986,15000,181-2017-08-28_14.33.06.rdf,2017-07-28_14.33.06
368,4,0,1,0,1,0,5,0,0,0,7,0,1198009080,15000,181-2017-12-17_20.18.00.rdf,2017-11-16_20.18.00
369,4,0,1,0,1,0,5,0,0,0,7,0,1153066435,15000,183-2016-07-15_16.13.55.rdf,2016-06-14_16.13.55
370,4,0,1,0,1,0,5,0,0,0,7,0,1166163412,15000,183-2016-12-14_06.16.52.rdf,2016-11-13_06.16.52
371,4,0,1,0,1,0,5,0,0,0,7,0,1166502418,15000,183-2016-12-18_04.26.58.rdf,2016-11-17_04.26.58
372,4,0,1,0,1,0,5,0,0,0,7,0,1019270782,15000,185-2012-04-19_02.46.22 Откл. Ввода №1 НПС 13.rdf,2012-03-19_02.46.22
373,4,0,1,0,1,0,5,0,0,0,7,0,1221152157,15000,185-2018-09-11_16.55.57.rdf,2018-08-11_16.55.57
374,4,0,1,0,1,0,5,0,0,0,7,0,1221500133,15000,185-2018-09-15_17.35.33.rdf,2018-08-15_17.35.33
375,4,0,1,0,1,0,5,0,0,0,7,0,1222028065,15000,185-2018-09-21_20.14.25.rdf,2018-08-21_20.14.25
376,4,0,1,0,1,0,5,0,0,0,7,0,1227715883,15000,185-2018-11-26_16.11.23.rdf,2018-10-26_16.11.23
377,4,0,1,0,1,0,5,0,0,0,7,0,1106752530,15000,186-2015-01-26_15.15.30_откл. пит. ВВ1.rdf,2014-12-26_15.15.30
378,4,0,1,0,1,0,5,0,0,0,7,0,1106753069,15000,186-2015-01-26_15.24.29_откл. пит. ВВ2.rdf,2014-12-26_15.24.29
379,4,0,1,0,1,0,2,0,2,0,7,0,1124881247,15000,186-2015-08-24_11.00.47.rdf,2015-07-24_11.00.47
380,4,0,1,0,1,0,2,0,2,0,7,0,1124882115,15000,186-2015-08-24_11.15.15.rdf,2015-07-24_11.15.15
381,4,0,1,0,1,0,5,0,0,0,7,0,1220798432,15000,186-2018-09-07_14.40.32.rdf,2018-08-07_14.40.32
382,4,0,1,0,1,0,5,0,0,0,7,0,1221134956,15000,186-2018-09-11_12.09.16.rdf,2018-08-11_12.09.16
383,4,0,1,0,1,0,5,0,0,0,7,0,1221135839,15000,186-2018-09-11_12.23.59.rdf,2018-08-11_12.23.59
384,4,0,1,0,1,0,5,0,0,0,7,0,1111325752,15000,187-2015-03-20_13.35.52.rdf,2015-02-17_13.35.52
385,4,0,1,0,1,0,5,0,0,0,7,0,1111325791,15000,187-2015-03-20_13.36.31.rdf,2015-02-17_13.36.31
386,4,0,1,0,1,0,5,0,0,0,7,0,1111327144,15000,187-2015-03-20_13.59.04.rdf,2015-02-17_13.59.04
387,4,0,1,0,1,0,5,0,0,0,7,0,1220780436,15000,187-2018-09-07_09.40.36.rdf,2018-08-07_09.40.36
388,4,0,1,0,1,0,5,0,0,0,7,0,1221137357,15000,187-2018-09-11_12.49.17.rdf,2018-08-11_12.49.17
389,4,0,1,0,1,0,5,0,0,0,7,0,1221137788,15000,187-2018-09-11_12.56.28.rdf,2018-08-11_12.56.28
390,4,0,1,0,1,0,5,0,0,0,7,0,1117264658,15000,188-2015-05-28_07.17.38.rdf,2015-04-27_07.17.38
391,4,0,1,0,1,0,5,0,0,0,7,0,1117264706,15000,188-2015-05-28_07.18.26.rdf,2015-04-27_07.18.26
392,4,0,1,0,1,0,5,0,0,0,7,0,1117264742,15000,188-2015-05-28_07.19.02.rdf,2015-04-27_07.19.02
393,4,0,1,0,1,0,5,0,0,0,7,0,1211219272,15000,188-2018-05-19_17.47.52.rdf,2018-04-18_17.47.52
394,4,0,1,0,1,0,5,0,0,0,7,0,1212846077,15000,188-2018-06-07_13.41.17.rdf,2018-05-07_13.41.17
395,4,0,1,0,1,0,5,0,0,0,7,0,1213794230,15000,188-2018-06-18_13.03.50.rdf,2018-05-18_13.03.50
396,4,0,1,0,1,0,5,0,0,0,7,0,1077296213,15000,191-2014-02-19_16.56.53.rdf,2014-01-19_16.56.53
397,4,0,1,0,1,0,5,0,0,0,7,0,1077296545,15000,191-2014-02-19_17.02.25.rdf,2014-01-19_17.02.25
398,4,0,1,0,1,0,5,0,0,0,7,0,1077361485,15000,191-2014-02-20_11.04.45.rdf,2014-01-20_11.04.45
399,4,0,1,0,1,0,5,0,0,0,7,0,1077362285,15000,191-2014-02-20_11.18.05.rdf,2014-01-20_11.18.05
400,4,0,1,0,1,0,5,0,0,0,7,0,1059557692,15000,20-2013-07-29_09.34.52.rdf,2013-06-28_09.34.52
401,4,0,1,0,1,0,5,0,0,0,7,0,1059584250,15000,20-2013-07-29_16.57.30.rdf,2013-06-28_16.57.30
402,4,0,1,0,1,0,5,0,0,0,7,0,1059587644,15000,20-2013-07-29_17.54.04.rdf,2013-06-28_17.54.04
403,4,0,1,0,1,0,5,0,0,0,7,0,1059588469,15000,20-2013-07-29_18.07.49.rdf,2013-06-28_18.07.49
404,4,0,1,0,1,0,5,0,0,0,7,0,1059589124,15000,20-2013-07-29_18.18.44.rdf,2013-06-28_18.18.44
405,4,0,1,0,1,0,5,0,0,0,7,0,1119696462,15000,20-2015-06-25_10.47.42 (1 этап).rdf,2015-05-25_10.47.42
406,4,0,1,0,1,0,5,0,0,0,7,0,1119697079,15000,20-2015-06-25_10.57.59 (2 этап).rdf,2015-05-25_10.57.59
407,4,0,1,0,1,0,2,0,0,0,7,0,1121358049,15000,20-2015-07-14_16.20.49.rdf,2015-06-13_16.20.49
408,4,0,1,0,1,0,2,0,0,0,7,0,1121359278,15000,20-2015-07-14_16.41.18.rdf,2015-06-13_16.41.18
409,12460,10000,872,904,881,881,876,875,92,148,14335,29911,59835248,882,22-16_Ноябрь_2005г_12.17.18.rdf,1981-10-23_12.54.08
410,4,0,1,0,1,0,2,0,2,0,0,0,889816544,10000,23-2008-03-12_19.15.44.rdf,2008-02-10_19.15.44
411,4,0,1,0,1,0,2,0,2,0,0,0,892119246,10000,23-2008-04-08_10.54.06.rdf,2008-03-08_10.54.06
412,4,0,1,0,1,0,2,0,2,0,0,0,892654830,10000,23-2008-04-14_15.40.30.rdf,2008-03-14_15.40.30
413,4,0,1,0,1,0,2,0,2,0,0,0,895741257,10000,23-2008-05-20_09.00.57.rdf,2008-04-19_09.00.57
414,4,0,1,0,1,0,2,0,2,0,0,0,895741305,10000,23-2008-05-20_09.01.45.rdf,2008-04-19_09.01.45
415,4,0,1,0,1,0,2,0,2,0,0,0,895754018,10000,23-2008-05-20_12.33.38.rdf,2008-04-19_12.33.38
416,4,0,1,0,1,0,2,0,2,0,7,0,895756246,15000,23-2008-05-20_13.10.46.rdf,2008-04-19_13.10.46
417,4,0,1,0,1,0,2,0,2,0,7,0,998301283,15000,23-2011-08-20_09.54.43.rdf,2011-07-20_09.54.43
418,4,0,1,0,1,0,2,0,0,0,7,0,1013890479,15000,23-2012-02-16_20.14.39.rdf,2012-01-16_20.14.39
419,4,0,1,0,1,0,2,0,0,0,7,0,1013890554,15000,23-2012-02-16_20.15.54.rdf,2012-01-16_20.15.54
420,4,0,1,0,1,0,2,0,0,0,7,0,1014147833,15000,23-2012-02-19_19.43.53.rdf,2012-01-19_19.43.53
421,4,0,1,0,1,0,2,0,0,0,7,0,1016105730,15000,23-2012-03-13_11 35 30.rdf,2012-02-11_11.35.30
422,4,0,1,0,1,0,2,0,0,0,7,0,1016105730,15000,23-2012-03-13_11.35.30.rdf,2012-02-11_11.35.30
423,4,0,1,0,1,0,2,0,0,0,7,0,1016127426,15000,23-2012-03-13_17.37.06.rdf,2012-02-11_17.37.06
424,4,0,1,0,1,0,2,0,0,0,7,0,1016127501,15000,23-2012-03-13_17.38.21.rdf,2012-02-11_17.38.21
425,4,0,1,0,1,0,2,0,0,0,7,0,1027010644,15000,23-2012-07-17_16.44.04.rdf,2012-06-16_16.44.04
426,4,0,1,0,1,0,2,0,0,0,7,0,1027603935,15000,23-2012-07-24_13.32.15.rdf,2012-06-23_13.32.15
427,4,0,1,0,1,0,2,0,0,0,7,0,1027604070,15000,23-2012-07-24_13.34.30.rdf,2012-06-23_13.34.30
428,4,0,1,0,1,0,2,0,0,0,7,0,1075464791,15000,23-2014-01-29_12.13.11.rdf,2013-12-29_12.13.11
429,4,0,1,0,1,0,2,0,0,0,7,0,1075464973,15000,23-2014-01-29_12.16.13.rdf,2013-12-29_12.16.13
430,4,0,1,0,1,0,2,0,2,0,7,0,1110651000,15000,23-2015-03-12_18.10.00.rdf,2015-02-09_18.10.00
431,4,0,1,0,1,0,2,0,2,0,7,0,1116767296,15000,23-2015-05-22_13.08.16.rdf,2015-04-21_13.08.16
432,4,0,1,0,1,0,2,0,2,0,7,0,1116767907,15000,23-2015-05-22_13.18.27.rdf,2015-04-21_13.18.27
433,4,0,1,0,1,0,2,0,0,0,7,0,1236626642,15000,23-2019-03-09_19.24.02.rdf,2019-02-06_19.24.02
434,4,0,1,0,1,0,2,0,0,0,7,0,1252859209,15000,23-2019-09-13_16.26.49.rdf,2019-08-13_16.26.49
435,4,0,1,0,1,0,2,0,0,0,7,0,1252859289,15000,23-2019-09-13_16.28.09.rdf,2019-08-13_16.28.09
436,13242,15000,897,904,871,907,907,905,1627,1604,10239,14039,59442048,871,26-02_Июль_2007г_13.20.13.rdf,1981-10-18_23.40.48
437,13242,15000,910,908,925,903,907,906,116,147,10239,13527,59310992,929,26-02_Июль_2007г_13.43.29.rdf,1981-10-17_11.16.32
438,13242,15000,906,912,912,918,907,907,227,255,10239,13527,59638668,920,26-02_Июль_2007г_14.36.09.rdf,1981-10-21_06.17.48
439,13242,15000,905,911,907,926,907,906,302,332,10239,13527,59638667,915,26-02_Июль_2007г_15.19.43.rdf,1981-10-21_06.17.47
440,4,0,1,0,1,0,2,0,2,0,7,0,867851009,15000,26-2007-07-02_13.43.29_drugaia.rdf,2007-06-01_13.43.29
441,4,0,1,0,1,0,2,0,2,0,7,0,881930578,15000,26-2007-12-12_12.42.58.rdf,2007-11-11_12.42.58
442,4,0,1,0,1,0,2,0,2,0,7,0,892796337,15000,26-2008-04-16_06.58.57.rdf,2008-03-16_06.58.57
443,4,0,1,0,1,0,2,0,2,0,7,0,893405957,15000,26-2008-04-23_08.19.17.rdf,2008-03-23_08.19.17
444,4,0,1,0,1,0,2,0,2,0,7,0,900519579,15000,26-2008-07-14_16.19.39.rdf,2008-06-13_16.19.39
445,4,0,1,0,1,0,2,0,2,0,7,0,900863332,15000,26-2008-07-18_15.48.52.rdf,2008-06-17_15.48.52
446,4,0,1,0,1,0,2,0,2,0,7,0,901213018,15000,26-2008-07-22_16.56.58.rdf,2008-06-21_16.56.58
447,4,0,1,0,1,0,2,0,0,0,7,0,924873079,15000,26-2009-04-22_13.11.19.rdf,2009-03-22_13.11.19
448,4,0,1,0,1,0,2,0,0,0,7,0,926848853,15000,26-2009-05-15_10.00.53.rdf,2009-04-14_10.00.53
449,4,0,1,0,1,0,2,0,0,0,7,0,929794588,15000,26-2009-06-18_12.16.28.rdf,2009-05-18_12.16.28
450,13234,15000,901,901,882,888,906,906,1625,1598,10239,13527,59179907,876,26-26_Июнь_2007г_08.45.54.rdf,1981-10-15_22.51.47
451,4,0,1,0,1,0,2,0,2,0,7,0,900230246,15000,"27,165,166-2008-07-11_07.57.26.rdf",2008-06-10_07.57.26
452,4,0,1,0,1,0,2,0,2,0,7,0,900838387,15000,"27,165,166-2008-07-18_08.53.07.rdf",2008-06-17_08.53.07
453,4,0,1,0,1,0,2,0,2,0,7,0,900867167,15000,"27,165,166-2008-07-18_16.52.47.rdf",2008-06-17_16.52.47
454,4,0,1,0,1,0,2,0,0,0,7,0,901755551,15000,"27,165,166-2008-07-28_23.39.11.rdf",2008-06-27_23.39.11
455,4,0,1,0,1,0,2,0,0,0,7,0,917791612,15000,"27,165,166-2009-01-30_14.06.52.rdf",2008-12-30_14.06.52
456,4,0,1,0,1,0,2,0,0,0,7,0,922438201,15000,"27,165,166-2009-03-25_08.50.01.rdf",2009-02-22_08.50.01
457,4,0,1,0,1,0,2,0,0,0,7,0,922438271,15000,"27,165,166-2009-03-25_08.51.11.rdf",2009-02-22_08.51.11
458,4,0,1,0,1,0,2,0,0,0,7,0,926848901,15000,"27,165,166-2009-05-15_10.01.41.rdf",2009-04-14_10.01.41
459,4,0,1,0,1,0,2,0,0,0,7,0,930213371,15000,"27,165,166-2009-06-23_08.36.11.rdf",2009-05-23_08.36.11
460,4,0,0,0,1,0,2,0,2,0,6,0,874220884,15000,32-2007-09-14_07.08.04.rdf,2007-08-14_07.08.04
461,4,0,0,0,1,0,2,0,2,0,6,0,874494095,15000,32-2007-09-17_11.01.35.rdf,2007-08-17_11.01.35
462,4,0,0,0,1,0,2,0,2,0,6,0,874495411,15000,32-2007-09-17_11.23.31.rdf,2007-08-17_11.23.31
463,4,0,0,0,1,0,2,0,2,0,6,0,876746689,15000,32-2007-10-13_12.44.49.rdf,2007-09-12_12.44.49
464,4,0,1,0,1,0,2,0,2,0,7,0,929710164,15000,34-2009-06-17_12.49.24.rdf,2009-05-17_12.49.24
465,4,0,1,0,1,0,2,0,2,0,7,0,936886604,15000,34-2009-09-08_14.16.44.rdf,2009-08-08_14.16.44
466,4,0,1,0,1,0,2,0,2,0,7,0,942332721,15000,34-2009-11-10_15.05.21.rdf,2009-10-10_15.05.21
467,4,0,1,0,1,0,2,0,0,0,7,0,1171545482,15000,34-2017-02-14_13.18.02.rdf,2017-01-14_13.18.02
468,4,0,1,0,1,0,2,0,0,0,7,0,1189300434,15000,34-2017-09-08_01.13.54.rdf,2017-08-08_01.13.54
469,4,0,1,0,1,0,2,0,0,0,7,0,1238068050,15000,34-2019-03-26_11.47.30.rdf,2019-02-23_11.47.30
470,4,0,1,0,1,0,2,0,2,0,7,0,929709913,15000,35-2009-06-17_12.45.13.rdf,2009-05-17_12.45.13
471,4,0,1,0,1,0,2,0,2,0,7,0,936886271,15000,35-2009-09-08_14.11.11.rdf,2009-08-08_14.11.11
472,4,0,1,0,1,0,2,0,2,0,7,0,942332324,15000,35-2009-11-10_14.58.44.rdf,2009-10-10_14.58.44
473,4,0,1,0,1,0,2,0,0,0,7,0,1218797247,15000,35-2018-08-15_10.47.27.rdf,2018-07-15_10.47.27
474,4,0,1,0,1,0,2,0,0,0,7,0,1238069215,15000,35-2019-03-26_12.06.55.rdf,2019-02-23_12.06.55
475,4,0,1,0,1,0,2,0,0,0,7,0,1245189519,15000,35-2019-06-16_21.58.39.rdf,2019-05-16_21.58.39
476,12511,10000,889,877,889,867,907,906,465,457,14335,13527,57934704,877,36-25_Декабрь_2005г_10.24.16.rdf,1981-10-01_12.58.24
477,12517,10000,884,907,879,913,906,905,1123,1142,14335,13527,59442041,892,36-29_Декабрь_2005г_16.14.45.rdf,1981-10-18_23.40.41
478,12517,10000,908,885,920,859,905,906,1159,1157,14335,13527,57869195,912,36-29_Декабрь_2005г_16.30.22.rdf,1981-09-30_18.46.35
479,12518,10000,907,883,918,870,906,905,1066,1061,14335,13527,57738122,910,36-30_Декабрь_2005г_12.13.45.rdf,1981-09-29_06.22.02
480,12518,10000,907,883,918,870,906,905,1066,1061,14335,13527,57738122,910,36-30_Декабрь_2005г_12.19.01.rdf,1981-09-29_06.22.02
481,4,0,1,0,1,0,2,0,0,0,7,0,1028972772,15000,40-2012-08-09_09.46.12.rdf,2012-07-09_09.46.12
482,4,0,1,0,1,0,2,0,0,0,7,0,1028973180,15000,40-2012-08-09_09.53.00.rdf,2012-07-09_09.53.00
483,12568,10000,928,890,917,873,896,894,242,247,16383,13527,57934751,916,41-06_Февраль_2006г_13.31.47.rdf,1981-10-01_12.59.11
484,12568,10000,902,925,892,913,895,893,397,389,14335,-19241,60294030,901,41-06_Февраль_2006г_13.46.06.rdf,1981-10-28_20.20.30
485,12568,10000,907,879,893,864,896,893,1285,1294,14335,14039,57869187,884,41-06_Февраль_2006г_13.50.21.rdf,1981-09-30_18.46.27
486,4,0,1,0,1,0,2,0,2,0,7,0,961907557,15000,41-2010-06-25_04.32.37.rdf,2010-05-25_04.32.37
487,4,0,1,0,1,0,2,0,2,0,7,0,962877235,15000,41-2010-07-06_09.53.55.rdf,2010-06-05_09.53.55
488,4,0,1,0,1,0,2,0,2,0,7,0,962877858,15000,41-2010-07-06_10.04.18.rdf,2010-06-05_10.04.18
489,4,0,1,0,1,0,2,0,2,0,7,0,973695164,15000,41-2010-11-08_14.52.44.rdf,2010-10-08_14.52.44
490,4,0,1,0,1,0,2,0,0,0,7,0,1069337222,15000,41-2013-11-19_14.07.02.rdf,2013-10-19_14.07.02
491,4,0,1,0,1,0,2,0,0,0,7,0,1069352191,15000,41-2013-11-19_18.16.31.rdf,2013-10-19_18.16.31
492,4,0,1,0,1,0,2,0,0,0,7,0,1069929237,15000,41-2013-11-26_10.33.57.rdf,2013-10-26_10.33.57
493,4,0,1,0,1,0,2,0,0,0,7,0,1207845707,15000,41-2018-04-10_16.41.47.rdf,2018-03-10_16.41.47
494,4,0,1,0,1,0,2,0,0,0,7,0,1216481487,15000,41-2018-07-19_15.31.27.rdf,2018-06-18_15.31.27
495,4,0,1,0,1,0,2,0,0,0,7,0,1238153484,15000,41-2019-03-27_11.31.24.rdf,2019-02-24_11.31.24
496,4,0,1,0,1,0,2,0,0,0,7,0,1180984874,15000,42-2017-06-03_19.21.14.rdf,2017-05-03_19.21.14
497,4,0,1,0,1,0,2,0,0,0,7,0,1189932301,15000,42-2017-09-15_08.45.01.rdf,2017-08-15_08.45.01
498,4,0,1,0,1,0,2,0,0,0,7,0,1205859932,15000,42-2018-03-18_17.05.32.rdf,2018-02-15_17.05.32
499,4,0,1,0,1,0,2,0,0,0,7,0,1196261262,15000,43-2017-11-27_14.47.42.rdf,2017-10-27_14.47.42
500,4,0,1,0,1,0,2,0,0,0,7,0,1196262082,15000,43-2017-11-27_15.01.22.rdf,2017-10-27_15.01.22
501,4,0,1,0,1,0,2,0,0,0,7,0,1203674990,15000,43-2018-02-21_10.09.50.rdf,2018-01-21_10.09.50
502,4,0,1,0,1,0,2,0,0,0,7,0,1248968673,15000,43-2019-07-30_15.44.33.rdf,2019-06-29_15.44.33
503,4,0,1,0,1,0,2,0,0,0,7,0,1249555096,15000,43-2019-08-06_10.38.16.rdf,2019-07-06_10.38.16
504,12939,15000,888,887,889,889,897,896,771,770,10239,30167,58196856,889,44-14_Ноябрь_2006г_15.37.25.rdf,1981-10-04_13.47.36
505,12939,15000,888,887,890,890,897,896,1028,979,10239,30167,58131320,890,44-14_Ноябрь_2006г_17.30.39.rdf,1981-10-03_19.35.20
506,12943,15000,889,888,890,889,897,895,1216,1211,10239,30167,58196856,889,44-17_Ноябрь_2006г_12.13.04.rdf,1981-10-04_13.47.36
507,12943,15000,860,880,889,889,897,896,561,570,10239,29911,57148252,889,44-17_Ноябрь_2006г_15.27.51.rdf,1981-09-22_10.30.52
508,12943,15000,916,909,890,889,897,896,1016,1000,10239,29911,59900816,890,44-17_Ноябрь_2006г_16.24.31.rdf,1981-10-24_07.06.56
509,12943,15000,887,886,858,870,897,896,722,718,10239,30167,58065784,861,44-17_Ноябрь_2006г_17.39.55.rdf,1981-10-03_01.23.04
510,4,0,1,0,1,0,2,0,2,0,5,0,848252395,15000,44-2006-11-17_17.39.55.rdf,2006-10-17_17.39.55
511,12978,15000,907,919,896,896,896,896,487,550,10239,13527,60162945,896,46-14_Декабрь_2006г_13.24.49.rdf,1981-10-27_07.55.45
512,12978,15000,921,911,906,896,896,895,1085,1064,10239,13527,60031894,908,46-14_Декабрь_2006г_13.29.28.rdf,1981-10-25_19.31.34
513,14558,15000,890,890,871,880,896,895,724,731,10239,13527,58327931,874,46-27_Март_2010г_06.18.52999.rdf,1981-10-06_02.12.11
514,14321,15000,896,892,919,896,896,895,1481,1468,10239,13527,58590080,920,46-28_Сентябрь_2009г_06.53.37.rdf,1981-10-09_03.01.20
515,4,0,1,0,1,0,2,0,2,0,7,0,926570488,15000,49-2009-05-12_04.41.28.rdf,2009-04-11_04.41.28
516,4,0,1,0,1,0,2,0,2,0,7,0,928117659,15000,49-2009-05-30_02.27.39.rdf,2009-04-29_02.27.39
517,4,0,1,0,1,0,2,0,2,0,7,0,928203916,15000,49-2009-05-31_02.25.16.rdf,2009-04-30_02.25.16
518,4,0,1,0,1,0,2,0,0,0,7,0,1163435550,15000,49-2016-11-12_16.32.30.rdf,2016-10-12_16.32.30
519,4,0,1,0,1,0,2,0,0,0,7,0,1174566746,15000,49-2017-03-21_12.32.26.rdf,2017-02-18_12.32.26
520,4,0,1,0,1,0,2,0,0,0,7,0,1185926568,15000,49-2017-07-31_00.02.48.rdf,2017-06-30_00.02.48
521,4,0,1,0,1,0,2,0,0,0,7,0,1186228524,15000,49-2017-08-03_11.55.24.rdf,2017-07-03_11.55.24
522,4,0,1,0,1,0,2,0,2,0,7,0,1200566732,15000,49-2018-01-16_10.45.32.rdf,2017-12-16_10.45.32
523,4,0,1,0,1,0,2,0,2,0,7,0,1200680148,15000,49-2018-01-17_18.15.48.rdf,2017-12-17_18.15.48
524,4,0,1,0,1,0,2,0,2,0,7,0,1200687505,15000,49-2018-01-17_20.18.25.rdf,2017-12-17_20.18.25
525,4,0,1,0,1,0,2,0,0,0,7,0,1212150143,15000,49-2018-05-30_12.22.23.rdf,2018-04-29_12.22.23
526,12962,15000,897,896,994,896,901,900,1586,1496,10239,30167,58721152,994,50-02_Декабрь_2006г_10.43.02.rdf,1981-10-10_15.25.52
527,12962,15000,897,896,994,893,901,900,597,605,10239,13783,58721153,993,50-02_Декабрь_2006г_11.02.40.rdf,1981-10-10_15.25.53
528,12962,15000,896,896,994,896,901,900,488,530,10239,30167,58721153,994,50-02_Декабрь_2006г_11.26.27.rdf,1981-10-10_15.25.53
529,12962,15000,899,902,994,896,901,899,347,351,8191,-2857,58983301,994,50-02_Декабрь_2006г_11.31.59.rdf,1981-10-13_16.15.01
530,12962,15000,896,896,993,896,901,900,1101,1130,10239,30167,58721153,993,50-02_Декабрь_2006г_12.03.02.rdf,1981-10-10_15.25.53
531,4,0,0,0,1,0,2,0,2,0,7,0,902323433,15000,51-2008-08-04_13.23.53.rdf,2008-07-04_13.23.53
532,4,0,0,0,1,0,2,0,2,0,7,0,903782412,15000,51-2008-08-21_10.40.12.rdf,2008-07-21_10.40.12
533,4,0,0,0,1,0,2,0,2,0,7,0,903783883,15000,51-2008-08-21_11.04.43.rdf,2008-07-21_11.04.43
534,4,0,1,0,1,0,2,0,0,0,7,0,935054535,15000,51-2009-08-18_09.22.15.rdf,2009-07-18_09.22.15
535,4,0,1,0,1,0,2,0,0,0,7,0,952260238,15000,51-2010-03-05_12.43.58.rdf,2010-02-02_12.43.58
536,4,0,1,0,1,0,2,0,0,0,7,0,953385703,15000,51-2010-03-18_13.21.43.rdf,2010-02-15_13.21.43
537,4,0,1,0,1,0,2,0,0,0,7,0,953903178,15000,51-2010-03-24_13.06.18.rdf,2010-02-21_13.06.18
538,4,0,1,0,1,0,2,0,0,0,7,0,953913191,15000,51-2010-03-24_15.53.11.rdf,2010-02-21_15.53.11
539,12984,15000,906,909,884,906,900,899,1538,1557,10239,13527,59573131,880,52-19_Декабрь_2006г_07.06.27.rdf,1981-10-20_12.05.31
540,12984,15000,899,897,928,900,901,899,237,205,10239,13527,58786689,930,52-19_Декабрь_2006г_07.55.35.rdf,1981-10-11_09.38.09
541,12984,15000,903,903,884,909,901,899,1555,1566,10239,13783,59179911,882,52-19_Декабрь_2006г_08.32.14.rdf,1981-10-15_22.51.51
542,12985,15000,899,919,910,900,901,899,837,880,10239,13527,60556171,908,52-19_Декабрь_2006г_09.12.07.rdf,1981-10-31_21.09.31
543,4,0,1,0,1,0,5,0,0,0,7,0,974280714,15000,52-2010-11-15_09.31.54.rdf,2010-10-15_09.31.54
544,4,0,1,0,1,0,5,0,0,0,7,0,974280933,15000,52-2010-11-15_09.35.33.rdf,2010-10-15_09.35.33
545,4,0,1,0,1,0,5,0,0,0,7,0,974281009,15000,52-2010-11-15_09.36.49.rdf,2010-10-15_09.36.49
546,4,0,1,0,1,0,2,0,0,0,7,0,1197627743,15000,53-2017-12-13_10.22.23.rdf,2017-11-12_10.22.23
547,4,0,1,0,1,0,2,0,0,0,7,0,1202244924,15000,53-2018-02-04_20.55.24.rdf,2018-01-04_20.55.24
548,4,0,1,0,1,0,2,0,0,0,7,0,1202821952,15000,53-2018-02-11_13.12.32.rdf,2018-01-11_13.12.32
549,4,0,1,0,1,0,2,0,0,0,7,0,1224376963,15000,53-2018-10-19_00.42.43.rdf,2018-09-18_00.42.43
550,4,0,1,0,1,0,2,0,0,0,7,0,1237753779,15000,53-2019-03-22_20.29.39.rdf,2019-02-19_20.29.39
551,4,0,1,0,1,0,2,0,0,0,7,0,1243434254,15000,53-2019-05-27_14.24.14.rdf,2019-04-26_14.24.14
552,4,0,1,0,1,0,2,0,0,0,7,0,1206266966,15000,54-2018-03-23_10.09.26.rdf,2018-02-20_10.09.26
553,4,0,1,0,1,0,2,0,0,0,7,0,1206539272,15000,54-2018-03-26_13.47.52.rdf,2018-02-23_13.47.52
554,4,0,1,0,1,0,2,0,0,0,7,0,1206541763,15000,54-2018-03-26_14.29.23.rdf,2018-02-23_14.29.23
555,4,0,1,0,1,0,2,0,0,0,7,0,1038663712,15000,55-2012-11-29_13.41.52.rdf,2012-10-29_13.41.52
556,4,0,1,0,1,0,2,0,0,0,7,0,1202246401,15000,55-2018-02-04_21.20.01.rdf,2018-01-04_21.20.01
557,4,0,1,0,1,0,2,0,0,0,7,0,1202823436,15000,55-2018-02-11_13.37.16.rdf,2018-01-11_13.37.16
558,4,0,1,0,1,0,2,0,0,0,7,0,1203512452,15000,55-2018-02-19_13.00.52.rdf,2018-01-19_13.00.52
559,4,0,1,0,1,0,2,0,0,0,7,0,1224377061,15000,55-2018-10-19_00.44.21.rdf,2018-09-18_00.44.21
560,4,0,1,0,1,0,2,0,0,0,7,0,1237754023,15000,55-2019-03-22_20.33.43.rdf,2019-02-19_20.33.43
561,4,0,1,0,1,0,2,0,0,0,7,0,1243434560,15000,55-2019-05-27_14.29.20.rdf,2019-04-26_14.29.20
562,4,0,1,0,1,0,2,0,0,0,7,0,1258623857,15000,55-2019-11-19_09.44.17.rdf,2019-10-19_09.44.17
563,4,0,1,0,1,0,2,0,2,0,7,0,999177198,15000,56-2011-08-30_13.13.18.rdf,2011-07-30_13.13.18
564,4,0,1,0,1,0,2,0,2,0,7,0,999180247,15000,56-2011-08-30_14.04.07.rdf,2011-07-30_14.04.07
565,4,0,1,0,1,0,2,0,2,0,7,0,1008041872,15000,56-2011-12-11_03.37.52.rdf,2011-11-10_03.37.52
566,4,0,1,0,1,0,2,0,0,0,7,0,1126448875,15000,56-2015-09-11_14.27.55.rdf,2015-08-11_14.27.55
567,4,0,1,0,1,0,2,0,0,0,7,0,1127563095,15000,56-2015-09-24_11.58.15.rdf,2015-08-24_11.58.15
568,4,0,1,0,1,0,2,0,0,0,7,0,1127564743,15000,56-2015-09-24_12.25.43.rdf,2015-08-24_12.25.43
569,4,0,1,0,1,0,2,0,0,0,7,0,1247753792,15000,56-2019-07-16_14.16.32.rdf,2019-06-15_14.16.32
570,4,0,1,0,1,0,2,0,0,0,7,0,1251903692,15000,56-2019-09-02_15.01.32.rdf,2019-08-02_15.01.32
571,4,0,1,0,1,0,2,0,0,0,7,0,1252083933,15000,56-2019-09-04_17.05.33.rdf,2019-08-04_17.05.33
572,14303,15000,890,891,995,914,899,898,505,497,10239,13783,58393466,995,56-Молчаново 14_Сентябрь_2009г_03.55.07.rdf,1981-10-06_20.24.26
573,4,0,1,0,1,0,2,0,2,0,7,0,908022304,15000,57-2008-10-09_12.25.04.rdf,2008-09-08_12.25.04
574,4,0,1,0,1,0,2,0,2,0,7,0,908023431,15000,57-2008-10-09_12.43.51.rdf,2008-09-08_12.43.51
575,4,0,1,0,1,0,2,0,2,0,7,0,908106712,15000,57-2008-10-10_11.51.52.rdf,2008-09-09_11.51.52
576,4,0,1,0,1,0,2,0,0,0,7,0,941035970,15000,57-2009-10-26_14.52.50.rdf,2009-09-25_14.52.50
577,4,0,1,0,1,0,2,0,0,0,7,0,944985040,15000,57-2009-12-11_07.50.40.rdf,2009-11-10_07.50.40
578,4,0,1,0,1,0,2,0,2,0,7,0,908971664,15000,58-2008-10-20_12.07.44.rdf,2008-09-19_12.07.44
579,4,0,1,0,1,0,2,0,2,0,7,0,909153114,15000,58-2008-10-22_14.31.54.rdf,2008-09-21_14.31.54
580,4,0,1,0,1,0,2,0,2,0,7,0,927421754,15000,58-2009-05-22_01.09.14.rdf,2009-04-21_01.09.14
581,4,0,1,0,1,0,2,0,0,0,7,0,931618670,15000,58-2009-07-09_14.57.50.rdf,2009-06-08_14.57.50
582,4,0,1,0,1,0,2,0,0,0,7,0,932635902,15000,58-2009-07-21_09.31.42.rdf,2009-06-20_09.31.42
583,4,0,1,0,1,0,2,0,0,0,7,0,932636291,15000,58-2009-07-21_09.38.11.rdf,2009-06-20_09.38.11
584,4,0,1,0,1,0,2,0,2,0,7,0,904946082,15000,61-2008-09-03_21.54.42.rdf,2008-08-03_21.54.42
585,4,0,1,0,1,0,2,0,2,0,7,0,904946500,15000,61-2008-09-03_22.01.40.rdf,2008-08-03_22.01.40
586,4,0,1,0,1,0,2,0,2,0,7,0,904946890,15000,62-2008-09-03_22.08.10.rdf,2008-08-03_22.08.10
587,4,0,1,0,1,0,2,0,2,0,7,0,904955246,15000,62-2008-09-04_00.27.26.rdf,2008-08-04_00.27.26
588,4,0,1,0,1,0,2,0,0,0,7,0,936945933,15000,62-2009-09-09_06.45.33.rdf,2009-08-09_06.45.33
589,13070,15000,876,882,957,881,908,908,339,320,12287,-18729,57475950,952,63-22_Февраль_2007г_11.16.11.rdf,1981-09-26_05.32.30
590,12912,15000,885,874,942,865,909,908,740,725,10239,13527,57344892,929,63-25_Октябрь_2006г_09.43.17.rdf,1981-09-24_17.08.12
591,13249,15000,858,861,922,880,896,893,503,536,10239,13527,56034146,918,64-07_Июль_2007г_20.59.27.rdf,1981-09-09_13.02.26
592,12980,15000,900,901,901,900,896,894,1454,1429,10239,13783,59048836,902,64-15_Декабрь_2006г_19.07.12.rdf,1981-10-14_10.27.16
593,12980,15000,900,901,902,901,896,893,1583,1493,10239,13783,59114372,902,64-15_Декабрь_2006г_19.51.34.rdf,1981-10-15_04.39.32
594,13065,15000,888,876,937,851,896,894,781,756,12287,13527,57541504,924,64-18_Февраль_2007г_12.14.13.rdf,1981-09-26_23.45.04
595,4,0,1,0,1,0,5,0,0,0,7,0,960039144,15000,64-2010-06-03_13.32.24.rdf,2010-05-03_13.32.24
596,4,0,1,0,1,0,5,0,0,0,7,0,963294485,15000,64-2010-07-11_05.48.05.rdf,2010-06-10_05.48.05
597,4,0,1,0,1,0,5,0,0,0,7,0,964772981,15000,64-2010-07-28_08.29.41.rdf,2010-06-27_08.29.41
598,4,0,1,0,1,0,5,0,0,0,7,0,967371264,15000,64-2010-08-27_10.14.24.rdf,2010-07-27_10.14.24
599,4,0,1,0,1,0,2,0,0,0,7,0,1061989277,15000,64-2013-08-26_13.01.17.rdf,2013-07-26_13.01.17
600,4,0,1,0,1,0,2,0,0,0,7,0,1061989381,15000,64-2013-08-26_13.03.01.rdf,2013-07-26_13.03.01
601,4,0,1,0,1,0,2,0,0,0,7,0,1079448737,15000,64-2014-03-16_14.52.17.rdf,2014-02-13_14.52.17
602,4,0,1,0,1,0,2,0,0,0,7,0,1196504426,15000,64-2017-11-30_10.20.26.rdf,2017-10-30_10.20.26
603,4,0,1,0,1,0,2,0,0,0,7,0,1203758926,15000,64-2018-02-22_09.28.46.rdf,2018-01-22_09.28.46
604,4,0,1,0,1,0,2,0,0,0,7,0,1203759099,15000,64-2018-02-22_09.31.39.rdf,2018-01-22_09.31.39
605,13278,15000,924,904,855,903,895,894,1612,1606,10239,13527,59704222,851,64-29_Июль_2007г_15.35.19.rdf,1981-10-22_00.30.22
606,4,0,1,0,1,0,5,0,0,0,7,0,966121905,15000,65-2010-08-12_23.11.45.rdf,2010-07-12_23.11.45
607,4,0,1,0,1,0,2,0,0,0,7,0,1061989406,15000,65-2013-08-26_13.03.26.rdf,2013-07-26_13.03.26
608,4,0,1,0,1,0,2,0,0,0,7,0,1061989488,15000,65-2013-08-26_13.04.48.rdf,2013-07-26_13.04.48
609,4,0,1,0,1,0,2,0,0,0,7,0,1066678063,15000,65-2013-10-19_19.27.43.rdf,2013-09-18_19.27.43
610,4,0,1,0,1,0,2,0,0,0,7,0,1203169244,15000,65-2018-02-15_13.40.44.rdf,2018-01-15_13.40.44
611,4,0,1,0,1,0,2,0,0,0,7,0,1203766947,15000,65-2018-02-22_11.42.27.rdf,2018-01-22_11.42.27
612,4,0,1,0,1,0,2,0,0,0,7,0,1203767194,15000,65-2018-02-22_11.46.34.rdf,2018-01-22_11.46.34
613,12906,15000,897,897,892,893,893,892,972,1076,26623,30167,58786689,892,65-20_Октябрь_2006г_16.21.06.-хол.ход.rdf,1981-10-11_09.38.09
614,12906,15000,858,859,871,874,893,892,1344,1306,12287,13527,55968611,875,65-20_Октябрь_2006г_16.21.06.rdf,1981-09-08_18.50.11
615,12948,15000,896,879,889,874,893,892,645,639,10239,13527,57803653,896,65-21_Ноябрь_2006г_12.47.02.rdf,1981-09-30_00.34.13
616,12948,15000,904,918,900,913,893,892,900,909,10239,13527,60031873,893,65-21_Ноябрь_2006г_12.48.52.rdf,1981-10-25_19.31.13
617,12924,15000,890,928,886,943,896,896,582,600,12287,-18729,60556165,907,66-03_Ноябрь_2006г_11.32.11.rdf,1981-10-31_21.09.25
618,13136,15000,964,856,919,862,896,896,344,370,10239,13527,55051200,916,66-13_Апрель_2007г_04.47.59.rdf,1981-08-29_04.00.00
619,4,0,1,0,1,0,5,0,0,0,7,0,950019176,15000,66-2010-02-07_14.12.56.rdf,2010-01-07_14.12.56
620,4,0,1,0,1,0,5,0,0,0,7,0,950185413,15000,66-2010-02-09_12.23.33.rdf,2010-01-09_12.23.33
621,4,0,1,0,1,0,5,0,0,0,7,0,950186232,15000,66-2010-02-09_12.37.12.rdf,2010-01-09_12.37.12
622,4,0,1,0,1,0,2,0,0,0,7,0,982239774,15000,66-2011-02-15_12.22.54.rdf,2011-01-15_12.22.54
623,4,0,1,0,1,0,5,0,0,0,7,0,1044002797,15000,66-2013-01-30_08.46.37.rdf,2012-12-30_08.46.37
624,4,0,1,0,1,0,2,0,0,0,7,0,1060859623,15000,66-2013-08-13_11.13.43.rdf,2013-07-13_11.13.43
625,4,0,1,0,1,0,2,0,0,0,7,0,1061988380,15000,66-2013-08-26_12.46.20.rdf,2013-07-26_12.46.20
626,4,0,1,0,1,0,2,0,0,0,7,0,1061988462,15000,66-2013-08-26_12.47.42.rdf,2013-07-26_12.47.42
627,4,0,1,0,1,0,2,0,2,0,7,0,1201439640,15000,66-2018-01-26_13.14.00 ПРУДКИ.rdf,2017-12-26_13.14.00
628,4,0,1,0,1,0,2,0,2,0,7,0,1201439733,15000,66-2018-01-26_13.15.33 ПРУДКИ.rdf,2017-12-26_13.15.33
629,4,0,1,0,1,0,2,0,2,0,7,0,1201440539,15000,66-2018-01-26_13.28.59 ПРУДКИ.rdf,2017-12-26_13.28.59
630,13105,15000,909,861,904,824,896,896,1072,1063,12287,13527,56624002,884,66-20_Март_2007г_11.43.33.rdf,1981-09-16_08.53.22
631,13105,15000,928,894,918,878,896,896,180,195,10239,13527,57869219,919,66-20_Март_2007г_11.44.56.rdf,1981-09-30_18.46.59
632,13068,15000,865,896,828,893,896,896,1631,1617,12287,-18729,59442013,823,66-20_Февраль_2007г_11.38.38.rdf,1981-10-18_23.40.13
633,12921,15000,957,836,915,856,896,896,533,568,12287,13527,54264753,909,66-32_Октябрь_2006г_11.11.26.rdf,1981-08-20_01.32.33
634,12921,15000,932,880,954,847,896,896,295,292,10239,13527,57082787,948,66-32_Октябрь_2006г_11.22.34.rdf,1981-09-21_16.19.47
635,4,0,1,0,1,0,5,0,0,0,7,0,1200494166,15000,66-Отказ ТАВР 15.01.18.rdf,2017-12-15_14.36.06
636,4,0,1,0,1,0,5,0,0,0,7,0,1085052744,15000,67-20 мая 2014 - ВВ1 проверка уст. работы.rdf,2014-04-19_11.32.24
637,4,0,1,0,1,0,5,0,0,0,7,0,1085053146,15000,67-20 мая 2014 - ВВ2 проверка уст. работы.rdf,2014-04-19_11.39.06
638,4,0,1,0,1,0,5,0,0,0,7,0,965919882,15000,67-2010-08-10_15.04.42.rdf,2010-07-10_15.04.42
639,4,0,1,0,1,0,5,0,0,0,7,0,966032652,15000,67-2010-08-11_22.24.12.rdf,2010-07-11_22.24.12
640,4,0,1,0,1,0,5,0,0,0,7,0,966032930,15000,67-2010-08-11_22.28.50.rdf,2010-07-11_22.28.50
641,4,0,1,0,1,0,5,0,0,0,7,0,967805800,15000,67-2010-09-01_10.56.40.rdf,2010-08-01_10.56.40
642,4,0,1,0,1,0,2,0,0,0,7,0,980245361,15000,67-2011-01-23_10.22.41.rdf,2010-12-23_10.22.41
643,4,0,1,0,1,0,2,0,0,0,7,0,980259929,15000,67-2011-01-23_14.25.29.rdf,2010-12-23_14.25.29
644,4,0,1,0,1,0,2,0,0,0,7,0,1085442398,15000,67-2014-05-24_23.46.38.rdf,2014-04-23_23.46.38
645,4,0,1,0,1,0,2,0,0,0,7,0,1086259430,15000,67-2014-06-03_10.43.50.rdf,2014-05-03_10.43.50
646,4,0,1,0,1,0,2,0,0,0,7,0,1086259633,15000,67-2014-06-03_10.47.13.rdf,2014-05-03_10.47.13
647,4,0,1,0,1,0,2,0,0,0,7,0,1196506955,15000,67-2017-11-30_11.02.35.rdf,2017-10-30_11.02.35
648,4,0,1,0,1,0,2,0,0,0,7,0,1203767173,15000,67-2018-02-22_11.46.13.rdf,2018-01-22_11.46.13
649,4,0,1,0,1,0,2,0,0,0,7,0,1203769178,15000,67-2018-02-22_12.19.38.rdf,2018-01-22_12.19.38
650,13078,15000,916,941,887,922,897,896,978,920,12287,-18729,61408134,894,67-28_Февраль_2007г_13.47.15.rdf,1981-11-10_17.48.54
651,12917,15000,854,881,921,893,897,896,191,158,10239,13527,57017173,921,67-29_Октябрь_2006г_10.36.25.rdf,1981-09-20_22.06.13
652,12918,15000,898,898,900,900,897,896,1114,1074,12287,-2089,58852226,900,67-29_Октябрь_2006г_13.58.02.rdf,1981-10-12_03.50.26
653,12918,15000,898,898,900,901,897,896,194,161,12287,-2089,58852226,900,67-29_Октябрь_2006г_13.58.52.rdf,1981-10-12_03.50.26
654,4,0,1,0,1,0,2,0,2,0,7,0,1016105801,15000,68-2012-03-13_11.36.41.rdf,2012-02-11_11.36.41
655,4,0,1,0,1,0,2,0,0,0,7,0,1016106950,15000,68-2012-03-13_11.55.50.rdf,2012-02-11_11.55.50
656,4,0,1,0,1,0,2,0,2,0,7,0,1016186543,15000,68-2012-03-14_10.02.23.rdf,2012-02-12_10.02.23
657,4,0,1,0,1,0,2,0,2,0,7,0,1056627803,15000,68-2013-06-25_11.43.23.rdf,2013-05-25_11.43.23
658,4,0,1,0,1,0,2,0,2,0,7,0,1056628544,15000,68-2013-06-25_11.55.44.rdf,2013-05-25_11.55.44
659,4,0,1,0,1,0,2,0,2,0,7,0,1059043403,15000,68-2013-07-23_10.43.23.rdf,2013-06-22_10.43.23
660,4,0,1,0,1,0,2,0,0,0,7,0,1047985836,15000,69-2013-03-17_11.10.36.rdf,2013-02-14_11.10.36
661,4,0,1,0,1,0,2,0,0,0,7,0,1056527191,15000,69-2013-06-24_07.46.31.rdf,2013-05-24_07.46.31
662,4,0,1,0,1,0,2,0,0,0,7,0,1056527736,15000,69-2013-06-24_07.55.36.rdf,2013-05-24_07.55.36
663,4,0,1,0,1,0,5,0,0,0,7,0,951661819,15000,7-2010-02-26_14.30.19.rdf,2010-01-26_14.30.19
664,4,0,1,0,1,0,5,0,0,0,7,0,952171088,15000,7-2010-03-04_11.58.08.rdf,2010-02-01_11.58.08
665,4,0,1,0,1,0,5,0,0,0,7,0,952171233,15000,7-2010-03-04_12.00.33.rdf,2010-02-01_12.00.33
666,4,0,1,0,1,0,5,0,0,0,7,0,1013248127,15000,7-2012-02-09_09.48.47.rdf,2012-01-09_09.48.47
667,4,0,1,0,1,0,5,0,0,0,7,0,1013690741,15000,7-2012-02-14_12.45.41.rdf,2012-01-14_12.45.41
668,4,0,1,0,1,0,5,0,0,0,7,0,1013691170,15000,7-2012-02-14_12.52.50.rdf,2012-01-14_12.52.50
669,4,0,1,0,2,0,2,0,2,0,6,0,1055133279,15000,7-2013-06-08_04 34 39.rdf,2013-05-08_04.34.39
670,4,0,1,0,2,0,2,0,2,0,6,0,1068994378,15000,7-2013-11-15_14.52.58.rdf,2013-10-15_14.52.58
671,4,0,1,0,2,0,2,0,2,0,6,0,1069856996,15000,7-2013-11-25_14.29.56.rdf,2013-10-25_14.29.56
672,4,0,1,0,2,0,2,0,2,0,6,0,1069858333,15000,7-2013-11-25_14.52.13.rdf,2013-10-25_14.52.13
673,4,0,1,0,2,0,2,0,2,0,6,0,1070228990,15000,7-2013-11-29_21.49.50.rdf,2013-10-29_21.49.50
674,4,0,1,0,2,0,2,0,2,0,6,0,1070315453,15000,7-2013-11-30_21.50.53.rdf,2013-10-30_21.50.53
675,4,0,1,0,2,0,2,0,2,0,6,0,1070413427,15000,7-2013-12-02_01.03.47.rdf,2013-11-01_01.03.47
676,4,0,1,0,1,0,2,0,0,0,7,0,1051455797,15000,70-2013-04-26_15.03.17.rdf,2013-03-26_15.03.17
677,4,0,1,0,1,0,2,0,0,0,7,0,1051458783,15000,70-2013-04-26_15.53.03.rdf,2013-03-26_15.53.03
678,4,0,1,0,1,0,2,0,0,0,7,0,1053039460,15000,70-2013-05-14_22.57.40.rdf,2013-04-13_22.57.40
679,4,0,1,0,1,0,2,0,0,0,7,0,1056528096,15000,71-2013-06-24_08.01.36.rdf,2013-05-24_08.01.36
680,4,0,1,0,1,0,2,0,0,0,7,0,1057684373,15000,71-2013-07-07_17.12.53.rdf,2013-06-06_17.12.53
681,4,0,1,0,1,0,2,0,0,0,7,0,1057685981,15000,71-2013-07-07_17.39.41.rdf,2013-06-06_17.39.41
682,4,0,1,0,1,0,2,0,0,0,7,0,1062674639,15000,71-2013-09-03_11.23.59.rdf,2013-08-03_11.23.59
683,4,0,1,0,1,0,2,0,0,0,7,0,1062674717,15000,71-2013-09-03_11.25.17.rdf,2013-08-03_11.25.17
684,4,0,1,0,1,0,2,0,0,0,7,0,1062676731,15000,71-2013-09-03_11.58.51.rdf,2013-08-03_11.58.51
685,4,0,1,0,1,0,2,0,0,0,7,0,1062676857,15000,71-2013-09-03_12.00.57.rdf,2013-08-03_12.00.57
686,4,0,1,0,1,0,2,0,0,0,7,0,1060757096,15000,72-2013-08-12_06.44.56.rdf,2013-07-12_06.44.56
687,4,0,1,0,1,0,2,0,0,0,7,0,1060757584,15000,72-2013-08-12_06.53.04.rdf,2013-07-12_06.53.04
688,4,0,1,0,1,0,2,0,0,0,7,0,1061227886,15000,72-2013-08-17_17.31.26.rdf,2013-07-17_17.31.26
689,4,0,1,0,1,0,2,0,0,0,7,0,1188047636,15000,73-2017-08-24_13.13.56.rdf,2017-07-24_13.13.56
690,4,0,1,0,1,0,2,0,0,0,7,0,1188048037,15000,73-2017-08-24_13.20.37.rdf,2017-07-24_13.20.37
691,4,0,1,0,1,0,2,0,0,0,7,0,1188883909,15000,73-2017-09-03_05.31.49.rdf,2017-08-03_05.31.49
692,4,0,1,0,1,0,2,0,0,0,7,0,1206880287,15000,73-2018-03-30_12.31.27.rdf,2018-02-27_12.31.27
693,4,0,1,0,1,0,2,0,0,0,7,0,1206884702,15000,73-2018-03-30_13.45.02.rdf,2018-02-27_13.45.02
694,4,0,1,0,1,0,2,0,0,0,7,0,1253265522,15000,73-2019-09-18_09.18.42.rdf,2019-08-18_09.18.42
695,4,0,1,0,1,0,2,0,0,0,7,0,1259417144,15000,73-2019-11-28_14.05.44.rdf,2019-10-28_14.05.44
696,4,0,1,0,1,0,2,0,0,0,7,0,1259418369,15000,73-2019-11-28_14.26.09.rdf,2019-10-28_14.26.09
697,4,0,1,0,1,0,2,0,0,0,7,0,1187968475,15000,74-2017-08-23_15.14.35.rdf,2017-07-23_15.14.35
698,4,0,1,0,1,0,2,0,0,0,7,0,1188048495,15000,74-2017-08-24_13.28.15.rdf,2017-07-24_13.28.15
699,4,0,1,0,1,0,2,0,0,0,7,0,1188049058,15000,74-2017-08-24_13.37.38.rdf,2017-07-24_13.37.38
700,4,0,1,0,1,0,2,0,0,0,7,0,1206880883,15000,74-2018-03-30_12.41.23.rdf,2018-02-27_12.41.23
701,4,0,1,0,1,0,2,0,0,0,7,0,1206883748,15000,74-2018-03-30_13.29.08.rdf,2018-02-27_13.29.08
702,4,0,1,0,1,0,5,0,0,0,7,0,1079858535,15000,76-2014-03-21_08.42.15.rdf,2014-02-18_08.42.15
703,4,0,1,0,1,0,2,0,0,0,7,0,1169884979,15000,77-2017-01-26_08.02.59.rdf,2016-12-26_08.02.59
704,4,0,1,0,1,0,2,0,0,0,7,0,1170781257,15000,77-2017-02-05_17.00.57.rdf,2017-01-05_17.00.57
705,4,0,1,0,1,0,2,0,0,0,7,0,1175162032,15000,77-2017-03-28_09.53.52.rdf,2017-02-25_09.53.52
706,4,0,1,0,1,0,2,0,0,0,7,0,1221034503,15000,77-2018-09-10_08.15.03.rdf,2018-08-10_08.15.03
707,4,0,1,0,1,0,2,0,0,0,7,0,1233269854,15000,77-2019-01-29_22.57.34.rdf,2018-12-29_22.57.34
708,4,0,1,0,1,0,2,0,0,0,7,0,1256750010,15000,77-2019-10-28_17.13.30.rdf,2019-09-27_17.13.30
709,12930,15000,891,884,911,886,905,905,1171,1148,10239,13527,57869184,908,78-07_Ноябрь_2006г_17.21.15.rdf,1981-09-30_18.46.24
710,12930,15000,908,889,892,889,905,904,406,386,10239,13527,58590097,889,78-07_Ноябрь_2006г_17.22.51.rdf,1981-10-09_03.01.37
711,12930,15000,899,885,904,884,906,905,716,699,10239,13527,58131337,899,78-07_Ноябрь_2006г_17.38.52.rdf,1981-10-03_19.35.37
712,4,0,1,0,1,0,0,0,0,0,5,0,892643266,15000,78-2008-04-14_12.27.46.rdf,2008-03-14_12.27.46
713,4,0,1,0,1,0,2,0,0,0,7,0,1260322112,15000,78-2019-12-09_01.28.32.rdf,2019-11-08_01.28.32
714,4,0,1,0,1,0,2,0,0,0,7,0,1260322158,15000,78-2019-12-09_01.29.18.rdf,2019-11-08_01.29.18
715,4,0,1,0,1,0,2,0,0,0,7,0,1260325416,15000,78-2019-12-09_02.23.36.rdf,2019-11-08_02.23.36
716,4,0,1,0,1,0,2,0,0,0,7,0,1184454941,15000,79-2017-07-13_23.15.41.rdf,2017-06-12_23.15.41
717,4,0,1,0,1,0,2,0,0,0,7,0,1185927222,15000,79-2017-07-31_00.13.42.rdf,2017-06-30_00.13.42
718,4,0,1,0,1,0,2,0,0,0,7,0,1186283128,15000,79-2017-08-04_03.05.28.rdf,2017-07-04_03.05.28
719,4,0,1,0,1,0,2,0,0,0,7,0,1203664496,15000,81-2018-02-21_07.14.56.rdf,2018-01-21_07.14.56
720,4,0,1,0,1,0,2,0,0,0,7,0,1203687617,15000,81-2018-02-21_13.40.17.rdf,2018-01-21_13.40.17
721,4,0,1,0,1,0,2,0,0,0,7,0,1203689120,15000,81-2018-02-21_14.05.20.rdf,2018-01-21_14.05.20
722,4,0,1,0,1,0,2,0,0,0,7,0,1056528096,15000,82-2012-10-31_15.31.53.rdf,2013-05-24_08.01.36
723,4,0,1,0,1,0,5,0,0,0,7,0,1036164894,15000,82-2012-10-31_15.34.54.rdf,2012-09-30_15.34.54
724,4,0,1,0,1,0,5,0,0,0,7,0,1036165427,15000,82-2012-10-31_15.43.47.rdf,2012-09-30_15.43.47
725,4,0,1,0,1,0,2,0,0,0,7,0,1204198470,15000,82-2018-02-27_11.34.30.rdf,2018-01-27_11.34.30
726,4,0,1,0,1,0,2,0,0,0,7,0,1204198783,15000,82-2018-02-27_11.39.43.rdf,2018-01-27_11.39.43
727,4,0,1,0,1,0,2,0,0,0,7,0,1204383259,15000,82-2018-03-01_14.54.19.rdf,2018-01-29_14.54.19
728,4,0,1,0,1,0,2,0,0,0,7,0,1216181943,15000,82-2018-07-16_04.19.03.rdf,2018-06-15_04.19.03
729,13409,15000,896,937,919,894,896,897,1320,1340,10239,13527,60818288,914,83-06_Ноябрь_2007г_12.38.38 ФНПС.rdf,1981-11-03_21.58.08
730,4,0,1,0,1,0,0,0,0,0,5,0,878819918,15000,83-2007-11-06_12.38.38.rdf,2007-10-06_12.38.38
731,4,0,1,0,1,0,2,0,0,0,7,0,1203240486,15000,84-2018-02-16_09.28.06.rdf,2018-01-16_09.28.06
732,4,0,1,0,1,0,2,0,0,0,7,0,1203690675,15000,84-2018-02-21_14.31.15.rdf,2018-01-21_14.31.15
733,4,0,1,0,1,0,2,0,0,0,7,0,1203690959,15000,84-2018-02-21_14.35.59.rdf,2018-01-21_14.35.59
734,12966,15000,903,873,994,922,902,900,691,689,10239,13527,57410432,994,85-05_Декабрь_2006г_14.13.08.rdf,1981-09-25_11.20.32
735,12966,15000,878,921,996,872,901,900,574,569,10239,13527,60490611,995,85-05_Декабрь_2006г_15.20.04.rdf,1981-10-31_02.56.51
736,4,0,1,0,1,0,2,0,0,0,7,0,1217510814,15000,85-2018-07-31_13.26.54.rdf,2018-06-30_13.26.54
737,4,0,1,0,1,0,2,0,0,0,7,0,1217511311,15000,85-2018-07-31_13.35.11.rdf,2018-06-30_13.35.11
738,4,0,1,0,1,0,2,0,0,0,7,0,1217511560,15000,85-2018-07-31_13.39.20.rdf,2018-06-30_13.39.20
739,4,0,1,0,1,0,2,0,0,0,7,0,1255001185,15000,85-2019-10-08_11.26.25.rdf,2019-09-07_11.26.25
740,4,0,1,0,1,0,2,0,0,0,7,0,1255781230,15000,85-2019-10-17_12.07.10.rdf,2019-09-16_12.07.10
741,4,0,1,0,1,0,2,0,0,0,7,0,1255781369,15000,85-2019-10-17_12.09.29.rdf,2019-09-16_12.09.29
742,4,0,1,0,1,0,2,0,2,0,7,0,899297232,15000,86-2008-06-30_12.47.12.rdf,2008-05-30_12.47.12
743,4,0,1,0,1,0,2,0,2,0,7,0,899297258,15000,86-2008-06-30_12.47.38.rdf,2008-05-30_12.47.38
744,4,0,1,0,1,0,2,0,2,0,7,0,899302977,15000,86-2008-06-30_14.22.57.rdf,2008-05-30_14.22.57
745,4,0,1,0,1,0,2,0,2,0,7,0,899303003,15000,86-2008-06-30_14.23.23.rdf,2008-05-30_14.23.23
746,4,0,1,0,1,0,2,0,0,0,7,0,920240035,15000,86-2009-02-27_22.13.55.rdf,2009-01-27_22.13.55
747,4,0,1,0,1,0,2,0,0,0,7,0,931159813,15000,86-2009-07-04_07.30.13.rdf,2009-06-03_07.30.13
748,4,0,1,0,1,0,2,0,0,0,7,0,922430921,15000,86-Испытание ТАВР-1 2009-03-25_06.48.41.rdf,2009-02-22_06.48.41
749,4,0,1,0,1,0,2,0,0,0,7,0,931434652,15000,86-Испытание ТАВР-1 2009-07-07_11.50.52.rdf,2009-06-06_11.50.52
750,4,0,1,0,1,0,2,0,2,0,7,0,909053591,15000,86-Испытание ТАВР-2 2008-10-21_10.53.11.rdf,2008-09-20_10.53.11
751,4,0,1,0,1,0,2,0,0,0,7,0,922430936,15000,86-Испытание ТАВР-2 2009-03-25_06.48.56.rdf,2009-02-22_06.48.56
752,4,0,1,0,1,0,2,0,0,0,7,0,931434654,15000,86-Испытание ТАВР-2 2009-07-07_11.50.54.rdf,2009-06-06_11.50.54
753,13221,15000,896,871,892,890,884,885,659,626,10239,29911,57410424,892,87-16_Июнь_2007г_13.11.07.rdf,1981-09-25_11.20.24
754,13223,15000,870,894,892,889,884,885,149,72,10239,29911,58917732,892,87-18_Июнь_2007г_12.06.00.rdf,1981-10-12_22.02.12
755,13223,15000,871,913,891,890,884,885,486,421,10239,29911,59966316,892,87-18_Июнь_2007г_13.01.02.rdf,1981-10-25_01.18.36
756,13223,15000,916,882,892,891,885,885,1606,1685,10239,29911,57344916,892,87-18_Июнь_2007г_15.18.34.rdf,1981-09-24_17.08.36
757,13225,15000,912,896,890,891,884,885,1598,1678,10239,29911,58327954,892,87-19_Июнь_2007г_12.34.22.rdf,1981-10-06_02.12.34
758,13225,15000,869,899,892,889,884,884,149,62,10239,29911,59310947,892,87-19_Июнь_2007г_12.57.53.rdf,1981-10-17_11.15.47
759,13225,15000,906,902,892,890,884,884,1531,1554,10239,29911,58721168,892,87-19_Июнь_2007г_13.19.56.rdf,1981-10-10_15.26.08
760,13225,15000,910,896,892,890,884,885,1598,1604,10239,29911,58327954,892,87-19_Июнь_2007г_14.02.16.rdf,1981-10-06_02.12.34
761,13927,15000,905,904,930,911,912,913,585,614,10239,13783,59245449,933,88-03_Декабрь_2008г_15.06.08.rdf,1981-10-16_17.04.09
762,4,0,0,0,1,0,2,0,2,0,7,0,877016509,15000,88-2007-10-16_15.41.49.rdf,2007-09-15_15.41.49
763,4,0,0,0,1,0,2,0,2,0,7,0,877017379,15000,88-2007-10-16_15.56.19.rdf,2007-09-15_15.56.19
764,4,0,0,0,1,0,2,0,2,0,7,0,877279743,15000,88-2007-10-19_16.49.03.rdf,2007-09-18_16.49.03
765,4,0,0,0,1,0,2,0,2,0,7,0,877280489,15000,88-2007-10-19_17.01.29.rdf,2007-09-18_17.01.29
766,4,0,1,0,1,0,2,0,2,0,7,0,900523319,15000,88-2008-07-14_17.21.59.rdf,2008-06-13_17.21.59
767,4,0,1,0,1,0,2,0,2,0,7,0,912783968,15000,88-2008-12-03_15.06.08.rdf,2008-11-02_15.06.08
768,13180,15000,888,881,890,908,900,899,1017,1030,16383,-18729,57803636,892,89-16_Май_2007г_10.50.07.rdf,1981-09-30_00.33.56
769,13181,15000,890,892,897,899,899,899,1515,1521,10239,13527,58590073,898,89-17_Май_2007г_10.39.43.rdf,1981-10-09_03.01.13
770,13181,15000,896,904,899,896,901,899,1072,1063,10239,13527,59376514,898,89-17_Май_2007г_14.30.17.rdf,1981-10-18_05.28.34
771,13181,15000,897,898,905,897,899,899,1518,1514,10239,13783,58917761,906,89-17_Май_2007г_14.51.52.rdf,1981-10-12_22.02.41
772,13181,15000,897,899,905,897,899,899,1537,1532,10239,13783,58917760,905,89-17_Май_2007г_14.59.58.rdf,1981-10-12_22.02.40
773,13181,15000,905,906,888,883,900,899,281,288,10239,13527,59245450,881,89-17_Май_2007г_16.10.12.rdf,1981-10-16_17.04.10
774,13181,15000,896,905,918,876,899,899,1092,1095,10239,13527,59376514,913,89-17_Май_2007г_16.20.26.rdf,1981-10-18_05.28.34
775,13181,15000,922,915,897,891,900,899,299,288,10239,13527,59507611,894,89-17_Май_2007г_16.35.41.rdf,1981-10-19_17.53.31
776,4,0,1,0,1,0,2,0,0,0,7,0,935065010,15000,89-2009-08-18_12.16.50.rdf,2009-07-18_12.16.50
777,4,0,1,0,1,0,2,0,0,0,7,0,935068107,15000,89-2009-08-18_13.08.27.rdf,2009-07-18_13.08.27
778,4,0,1,0,1,0,2,0,0,0,7,0,944042751,15000,89-2009-11-30_10.05.51.rdf,2009-10-30_10.05.51
779,4,0,1,0,1,0,2,0,0,0,7,0,944144429,15000,89-2009-12-01_14.20.29.rdf,2009-10-31_14.20.29
780,4,0,1,0,1,0,2,0,2,0,7,0,911044267,15000,90-2008-11-13_11.51.07.rdf,2008-10-13_11.51.07
781,4,0,1,0,1,0,2,0,2,0,7,0,911635912,15000,91-2008-11-20_08.11.52.rdf,2008-10-20_08.11.52
782,4,0,1,0,1,0,2,0,2,0,7,0,911636694,15000,91-2008-11-20_08.24.54.rdf,2008-10-20_08.24.54
783,13246,15000,882,858,896,845,899,900,1538,1411,10239,13527,57148260,879,92-05_Июль_2007г_08.36.04.rdf,1981-09-22_10.31.00
784,13246,15000,892,848,908,850,900,900,1465,1335,12287,12503,56427371,890,92-05_Июль_2007г_08.36.16.rdf,1981-09-14_02.16.11
785,13246,15000,859,878,872,840,900,900,1628,1572,12287,12503,58852175,859,92-05_Июль_2007г_08.36.31.rdf,1981-10-12_03.49.35
786,13247,15000,837,941,828,870,901,901,1148,1297,12287,13527,62391116,834,92-06_Июль_2007г_05.46.23.rdf,1981-11-22_02.51.56
787,13247,15000,954,846,972,921,899,900,757,594,10239,13527,54789041,965,92-06_Июль_2007г_05.46.36.rdf,1981-08-26_03.10.41
788,13247,15000,950,841,967,905,899,900,841,668,10239,13527,54657963,956,92-06_Июль_2007г_05.46.51.rdf,1981-08-24_14.46.03
789,13064,15000,844,971,860,919,900,900,896,896,12287,-21841,63701854,874,92-17_Февраль_2007г_14.26.29.rdf,1981-12-07_06.57.34
790,13144,15000,955,867,957,928,900,899,360,363,10239,13527,55903161,954,92-19_Апрель_2007г_15.29.39.rdf,1981-09-08_00.39.21
791,13144,15000,926,928,929,974,900,901,234,229,10239,13527,59704236,947,92-19_Апрель_2007г_16.25.27.rdf,1981-10-22_00.30.36
792,4,0,1,0,1,0,2,0,0,0,7,0,929763335,15000,92-2009-06-18_03.35.35.rdf,2009-05-18_03.35.35
793,4,0,1,0,1,0,2,0,0,0,7,0,931109247,15000,92-2009-07-03_17.27.27.rdf,2009-06-02_17.27.27
794,4,0,1,0,1,0,2,0,0,0,7,0,931448704,15000,92-2009-07-07_15.45.04.rdf,2009-06-06_15.45.04
795,4,0,1,0,1,0,5,0,0,0,7,0,950364571,15000,92-2010-02-11_14.09.31.rdf,2010-01-11_14.09.31
796,4,0,1,0,1,0,5,0,0,0,7,0,950368322,15000,92-2010-02-11_15.12.02.rdf,2010-01-11_15.12.02
797,4,0,1,0,1,0,5,0,0,0,7,0,950375432,15000,92-2010-02-11_17.10.32.rdf,2010-01-11_17.10.32
798,4,0,1,0,1,0,5,0,0,0,7,0,950375621,15000,92-2010-02-11_17.13.41.rdf,2010-01-11_17.13.41
799,4,0,1,0,1,0,2,0,2,0,7,0,966019959,15000,92-2010-08-11_18.52.39.rdf,2010-07-11_18.52.39
800,4,0,1,0,1,0,5,0,0,0,7,0,1021282141,15000,92-2012-05-12_09.29.01.rdf,2012-04-11_09.29.01
801,4,0,1,0,1,0,5,0,0,0,7,0,1022157288,15000,92-2012-05-22_12.34.48.rdf,2012-04-21_12.34.48
802,4,0,1,0,1,0,2,0,0,0,7,0,1022161901,15000,92-2012-05-22_13.51.41.rdf,2012-04-21_13.51.41
803,4,0,1,0,1,0,2,0,0,0,7,0,1022855230,15000,92-2012-05-30_14.27.10.rdf,2012-04-29_14.27.10
804,4,0,1,0,1,0,2,0,0,0,7,0,1023103707,15000,92-2012-06-02_11.28.27.rdf,2012-05-02_11.28.27
805,4,0,1,0,1,0,5,0,0,0,7,0,1023128802,15000,92-2012-06-02_18.26.42.rdf,2012-05-02_18.26.42
806,4,0,1,0,1,0,2,0,0,0,7,0,1035688636,15000,92-2012-10-26_03.17.16.rdf,2012-09-25_03.17.16
807,4,0,1,0,1,0,2,0,0,0,7,0,1036228728,15000,92-2012-11-01_09.18.48.rdf,2012-10-01_09.18.48
808,4,0,1,0,1,0,2,0,0,0,7,0,1037879447,15000,92-2012-11-20_11.50.47.rdf,2012-10-20_11.50.47
809,13145,15000,942,921,937,957,899,900,179,174,10239,13527,58721215,949,92-20_Апрель_2007г_09.02.52.rdf,1981-10-10_15.26.55
810,12958,15000,915,911,912,188,190,10239,13527,910,910,912,59704211,911,92-29_Ноябрь_2006г_09.36.38.rdf,1981-10-22_00.30.11
811,12958,15000,911,910,915,916,912,912,1286,1315,10239,13527,59704207,915,92-29_Ноябрь_2006г_10.17.36.rdf,1981-10-22_00.30.07
812,12958,15000,966,852,975,939,911,911,634,645,4095,13527,55378874,972,92-29_Ноябрь_2006г_11.18.18.rdf,1981-09-01_23.01.14
813,14956,15000,892,892,903,904,898,897,166,159,10239,30167,58459004,903,93-18 февраль 2011г_17.00.06.rdf,1981-10-07_14.36.44
814,14956,15000,893,892,905,904,897,897,1577,1584,10239,30167,58459004,905,93-18 февраля_2011г_17.12.53.rdf,1981-10-07_14.36.44
815,14952,15000,889,902,904,922,897,897,1235,1226,10239,13527,59114364,910,93-19_Январь_2011г_12.49.54 22.rdf,1981-10-15_04.39.24
816,14952,15000,882,897,884,921,897,897,418,396,10239,13527,58917747,888,93-19_Январь_2011г_12.52.37 неудачный.rdf,1981-10-12_22.02.27
817,4,0,1,0,1,0,2,0,2,0,6,0,887985389,15000,93-2008-02-20_14.36.29.rdf,2008-01-20_14.36.29
818,4,0,1,0,1,0,2,0,2,0,6,0,889779127,15000,93-2008-03-12_08.52.07.rdf,2008-02-10_08.52.07
819,4,0,1,0,1,0,2,0,2,0,6,0,889779350,15000,93-2008-03-12_08.55.50.rdf,2008-02-10_08.55.50
820,4,0,1,0,1,0,2,0,2,0,7,0,893868136,15000,93-2008-04-28_16.42.16.rdf,2008-03-28_16.42.16
821,4,0,1,0,1,0,2,0,2,0,7,0,895827917,15000,93-2008-05-21_09.05.17.rdf,2008-04-20_09.05.17
822,4,0,1,0,1,0,2,0,2,0,7,0,911898188,15000,93-2008-11-23_09.03.08.rdf,2008-10-23_09.03.08
823,4,0,1,0,1,0,2,0,2,0,7,0,919331608,15000,93-2009-02-17_09.53.28.rdf,2009-01-17_09.53.28
824,4,0,1,0,1,0,2,0,2,0,7,0,919331925,15000,93-2009-02-17_09.58.45.rdf,2009-01-17_09.58.45
825,4,0,1,0,1,0,2,0,0,0,7,0,919417776,15000,93-2009-02-18_09.49.36.rdf,2009-01-18_09.49.36
826,4,0,1,0,1,0,2,0,0,0,7,0,919417853,15000,93-2009-02-18_09.50.53.rdf,2009-01-18_09.50.53
827,4,0,1,0,1,0,2,0,0,0,7,0,919447811,15000,93-2009-02-18_18.10.11.rdf,2009-01-18_18.10.11
828,4,0,1,0,1,0,2,0,0,0,7,0,919447865,15000,93-2009-02-18_18.11.05.rdf,2009-01-18_18.11.05
829,4,0,1,0,1,0,2,0,0,0,7,0,982838089,15000,93-2011-02-22_10.34.49.rdf,2011-01-22_10.34.49
830,4,0,1,0,1,0,5,0,0,0,7,0,997957899,15000,93-2011-08-16_10.31.39.rdf,2011-07-16_10.31.39
831,4,0,1,0,1,0,5,0,0,0,7,0,1027021882,15000,93-2012-07-17_19.51.22.rdf,2012-06-16_19.51.22
832,4,0,1,0,1,0,5,0,0,0,7,0,1027604668,15000,93-2012-07-24_13.44.28.rdf,2012-06-23_13.44.28
833,4,0,1,0,1,0,5,0,0,0,7,0,1027604784,15000,93-2012-07-24_13.46.24.rdf,2012-06-23_13.46.24
834,4,0,1,0,1,0,5,0,0,0,7,0,1035732211,15000,93-2012-10-26_15.23.31.rdf,2012-09-25_15.23.31
835,4,0,1,0,1,0,5,0,0,0,7,0,1045135809,15000,93-2013-02-12_11.30.09.rdf,2013-01-12_11.30.09
836,4,0,1,0,1,0,5,0,0,0,7,0,1045135912,15000,93-2013-02-12_11.31.52.rdf,2013-01-12_11.31.52
837,4,0,1,0,1,0,5,0,0,0,7,0,1045740787,15000,93-2013-02-19_11.33.07.rdf,2013-01-19_11.33.07
838,4,0,1,0,1,0,5,0,0,0,7,0,1045740921,15000,93-2013-02-19_11.35.21.rdf,2013-01-19_11.35.21
839,4,0,1,0,1,0,5,0,0,0,7,0,1060861437,15000,93-2013-08-13_11.43.57.rdf,2013-07-13_11.43.57
840,4,0,1,0,1,0,5,0,0,0,7,0,1061462606,15000,93-2013-08-20_10.43.26.rdf,2013-07-20_10.43.26
841,4,0,1,0,1,0,5,0,0,0,7,0,1061462820,15000,93-2013-08-20_10.47.00.rdf,2013-07-20_10.47.00
842,4,0,1,0,1,0,2,0,0,0,7,0,1074771605,15000,93-2014-01-21_11.40.05.rdf,2013-12-21_11.40.05
843,4,0,1,0,1,0,2,0,0,0,7,0,1074771709,15000,93-2014-01-21_11.41.49.rdf,2013-12-21_11.41.49
844,4,0,1,0,1,0,2,0,0,0,7,0,1075461915,15000,93-2014-01-29_11.25.15.rdf,2013-12-29_11.25.15
845,4,0,1,0,1,0,2,0,0,0,7,0,1075461998,15000,93-2014-01-29_11.26.38.rdf,2013-12-29_11.26.38
846,4,0,1,0,1,0,5,0,0,0,7,0,1090490457,15000,93-2014-07-22_10 00 57.rdf,2014-06-21_10.00.57
847,4,0,1,0,1,0,5,0,0,0,7,0,1245622105,15000,93-2019-06-21_22.08.25.rdf,2019-05-21_22.08.25
848,4,0,1,0,1,0,5,0,0,0,7,0,1252840776,15000,93-2019-09-13_11.19.36.rdf,2019-08-13_11.19.36
849,4,0,1,0,1,0,5,0,0,0,7,0,1252840896,15000,93-2019-09-13_11.21.36.rdf,2019-08-13_11.21.36
850,12957,15000,882,904,880,925,897,897,766,753,10239,13527,59310964,885,93-28_Ноябрь_2006г_15.30.35.rdf,1981-10-17_11.16.04
851,12957,15000,899,896,904,903,897,897,1609,1624,12287,29911,58459014,904,93-28_Ноябрь_2006г_15.34.05.rdf,1981-10-07_14.36.54
852,12957,15000,882,891,885,898,897,897,194,194,10239,13527,58721136,880,93-28_Ноябрь_2006г_15.38.49.rdf,1981-10-10_15.25.36
853,12958,15000,768,987,903,904,897,897,1015,1176,10239,30455,66257680,903,93-29_Ноябрь_2006г_12.32.01.rdf,1982-01-05_20.54.40
854,13207,15000,930,916,911,911,908,910,162,150,10239,29911,60294047,911,95-06_Июнь_2007г_09.27.03.rdf,1981-10-28_20.20.47
855,4,0,1,0,1,0,2,0,0,0,7,0,999078977,15000,95-2011-08-29_09.56.17.rdf,2011-07-29_09.56.17
856,4,0,1,0,1,0,2,0,0,0,7,0,999083647,15000,95-2011-08-29_11.14.07.rdf,2011-07-29_11.14.07
857,4,0,1,0,1,0,2,0,0,0,7,0,1008045165,15000,95-2011-12-11_04.32.45.rdf,2011-11-10_04.32.45
858,4,0,1,0,1,0,5,0,0,0,7,0,1084548210,15000,95-2014-05-14_15.23.30.rdf,2014-04-13_15.23.30
859,4,0,1,0,1,0,2,0,0,0,7,0,1127385590,15000,95-2015-09-22_10.39.50.rdf,2015-08-22_10.39.50
860,4,0,1,0,1,0,2,0,0,0,7,0,1127938243,15000,95-2015-09-28_20.10.43.rdf,2015-08-28_20.10.43
861,4,0,1,0,1,0,2,0,0,0,7,0,1131901501,15000,95-2015-11-13_17.05.01.rdf,2015-10-13_17.05.01
862,4,0,1,0,1,0,2,0,0,0,7,0,1248165207,15000,95-2019-07-21_08.33.27.rdf,2019-06-20_08.33.27
863,4,0,1,0,1,0,2,0,0,0,7,0,1253700924,15000,95-2019-09-23_10.15.24.rdf,2019-08-23_10.15.24
864,4,0,1,0,1,0,2,0,0,0,7,0,1253703405,15000,95-2019-09-23_10.56.45.rdf,2019-08-23_10.56.45
865,4,0,1,0,1,0,2,0,0,0,7,0,1253895240,15000,95-2019-09-25_16.14.00пустая.rdf,2019-08-25_16.14.00
866,13191,15000,924,926,908,908,909,910,328,349,10239,13527,60818328,910,95-24_Май_2007г_16.23.15.rdf,1981-11-03_21.58.48
867,4,0,1,0,1,0,5,0,0,0,7,0,1055169701,15000,95-ТАВР без откл. СТД1 2013-06-08_14.41.41.rdf,2013-05-08_14.41.41
868,4,0,1,0,1,0,5,0,0,0,7,0,1054973351,15000,95-ТАВР с откл. СТД 3 2013-06-06_08.09.11.rdf,2013-05-06_08.09.11
869,4,0,1,0,1,0,5,0,0,0,7,0,1055161364,15000,95-ТАВР с откл. СТД 3 2013-06-08_12.22.44.rdf,2013-05-08_12.22.44
870,4,0,1,0,1,0,2,0,2,0,7,0,890826763,15000,96-2008-03-24_11.52.43.rdf,2008-02-22_11.52.43
871,4,0,1,0,1,0,2,0,2,0,7,0,890826925,15000,96-2008-03-24_11.55.25.rdf,2008-02-22_11.55.25
872,4,0,1,0,1,0,2,0,2,0,7,0,890918109,15000,96-2008-03-25_13.15.09.rdf,2008-02-23_13.15.09
873,4,0,1,0,1,0,2,0,2,0,7,0,891011391,15000,96-2008-03-26_15.09.51.rdf,2008-02-24_15.09.51
